house_domain,auction_house,auction_id,auction_datetime,uf,source_url,scraped_at
dellfannyleiloes.com.br,Dell Fanny Jóias Leilões,62579,9/6/2026,RJ,https://www.dellfannyleiloes.com.br/,2026-06-10T23:14:48
tempoearteleiloes.com.br,Tempo e Arte Leilões,62536,9/6/2026,RS,https://www.tempoearteleiloes.com.br/,2026-06-10T23:14:48
doalfineteaofogueteleiloes.com.br,Do Alfinete ao Foguete Leilões,62530,9/6/2026,PR,https://www.doalfineteaofogueteleiloes.com.br/,2026-06-10T23:15:28
viaarteleiloes.com.br,Via Arte Leilões,62484,9/6/2026,SP,https://www.viaarteleiloes.com.br/,2026-06-10T23:15:28
wjunior.lel.br,Wellyngton Jr. Leiloeiro,62480,9/6/2026,SP,https://www.wjunior.lel.br/,2026-06-10T23:15:28
alvuraleiloes.com.br,Alvura Leilões Gestora de Ativos,62449,9/6/2026,PR,https://www.alvuraleiloes.com.br/,2026-06-10T23:15:28
bonstemposleiloes.com.br,Bons Tempos Leilões,62439,9/6/2026,RJ,https://www.bonstemposleiloes.com.br/,2026-06-10T23:15:28
claudiofirminoleiloeiro.com.br,Claudio Firmino Leiloeiro,62432,9/6/2026,RJ,https://www.claudiofirminoleiloeiro.com.br/,2026-06-10T23:15:28
modernaleiloes.com.br,Numismática Moderna Leilões,62390,9/6/2026,SP,https://www.modernaleiloes.com.br/,2026-06-10T23:15:28
alfa27.com.br,ALFA 27 Colecionáveis,62367,9/6/2026,SP,https://www.alfa27.com.br/,2026-06-10T23:15:28
numismaia.com.br,Galeria Filatélica e Numismática,62343,9/6/2026,MG,https://www.numismaia.com.br/,2026-06-10T23:15:28
valearteleiloes.com.br,Vale Arte Leilões,62245,9/6/2026,SP,https://www.valearteleiloes.com.br/,2026-06-10T23:15:28
leilaodesign.com.br,Leilão Design,62236,9/6/2026,SP,https://www.leilaodesign.com.br/,2026-06-10T23:15:28
abreucolecionismo.com.br,Abreu Colecionismo,62205,9/6/2026,SC,https://www.abreucolecionismo.com.br/,2026-06-10T23:15:28
glaudistoneleilao.com.br,G Leilão Vinil e Antiguidades,62191,9/6/2026,AL,https://www.glaudistoneleilao.com.br/,2026-06-10T23:15:28
chcollection.com.br,"CH Collection - Numismática, Joias e Colecionáveis",62138,9/6/2026,PR,https://www.chcollection.com.br/,2026-06-10T23:15:28
danielchaiebleiloeiro.com.br,Daniel Chaieb - Leiloeiro Oficial,62082,9/6/2026,RS,https://www.danielchaiebleiloeiro.com.br/,2026-06-10T23:15:28
anamelloleiloeira.com.br,Ana Mello Leiloeira,62054,9/6/2026,RJ,https://www.anamelloleiloeira.com.br/,2026-06-10T23:15:28
obaraodosleiloes.com.br,O Barão dos Leilões,62049,9/6/2026,SP,https://www.obaraodosleiloes.com.br/,2026-06-10T23:15:28
recantodasartes.com.br,Recanto das Artes,62043,9/6/2026,RJ,https://www.recantodasartes.com.br/,2026-06-10T23:15:28
praticoleiloes.com.br,Prático Leilões,62001,9/6/2026,SP,https://www.praticoleiloes.com.br/,2026-06-10T23:20:12
referencialarteleiloes.com.br,Referencial Arte Leilões,61923,9/6/2026,SP,https://www.referencialarteleiloes.com.br/,2026-06-10T23:20:12
vitrinedasantiguidades.com.br,Vitrine das Antiguidades,61804,9/6/2026,SP,https://www.vitrinedasantiguidades.com.br/,2026-06-10T23:20:12
rivaldodantasleiloes.com.br,Rivaldo Dantas Leilões,61743,9/6/2026,SP,https://www.rivaldodantasleiloes.com.br/,2026-06-10T23:20:12
brooksleiloes.com.br,Brooks Leilões,61645,9/6/2026,SP,https://www.brooksleiloes.com.br/,2026-06-10T23:20:12
gavealeiloes.com.br,Gavea Leilões,61388,9/6/2026,RJ,https://www.gavealeiloes.com.br/,2026-06-10T23:20:12
leilaoatenas.com.br,Atenas Antiquário e Casa de leilões,61125,9/6/2026,RJ,https://www.leilaoatenas.com.br/,2026-06-10T23:20:12
yellowcatleiloes.com.br,Yellow Cat Joias,51065,9/6/2026,SC,https://www.yellowcatleiloes.com.br/,2026-06-10T23:20:12
budanoleiloeiro.com.br,Francesco Budano - Leiloeiro Oficial,62420,8/6/2026,SP,https://www.budanoleiloeiro.com.br/,2026-06-10T23:20:12
casagrimaldi.com.br,Casa Grimaldi Leilões,62408,8/6/2026,RJ,https://www.casagrimaldi.com.br/,2026-06-10T23:20:12
drjleiloes.com.br,DRJ Leilões,62398,8/6/2026,SP,https://www.drjleiloes.com.br/,2026-06-10T23:20:12
suyaneserraleiloes.com.br,Suyane Serra Leilões,62384,8/6/2026,RJ,https://www.suyaneserraleiloes.com.br/,2026-06-10T23:20:12
benedictleiloes.com.br,Benedict Leilões,62283,8/6/2026,SP,https://www.benedictleiloes.com.br/,2026-06-10T23:20:12
casaguarisse.com.br,Casa Guarisse Leilões,62201,8/6/2026,RS,https://www.casaguarisse.com.br/,2026-06-10T23:20:12
melhorfasebrinquedos.com.br,Melhor Fase Brinquedos,62171,8/6/2026,SP,https://www.melhorfasebrinquedos.com.br/,2026-06-10T23:20:12
temperanileiloes.com.br,Temperani Leilões,62167,8/6/2026,SP,https://www.temperanileiloes.com.br/,2026-06-10T23:20:12
leirialeiloes.com.br,Leiria Leilões,62146,8/6/2026,SP,https://www.leirialeiloes.com.br/,2026-06-10T23:20:12
flaviacardososoaresleiloes.com.br,Flavia Cardoso Soares - Leiloeira Oficial,62136,8/6/2026,SP,https://www.flaviacardososoaresleiloes.com.br/,2026-06-10T23:20:12
br.ernanileiloeiro.com.br,Ernani Leiloeiro Oficial,62075,8/6/2026,RJ,https://www.br.ernanileiloeiro.com.br/,2026-06-10T23:20:12
leilaotresmarias.com.br,Leilão Três Marias,62009,8/6/2026,SP,https://www.leilaotresmarias.com.br/,2026-06-10T23:20:12
mercadodaspulgasleiloes.com.br,Mercado das Pulgas Leilões,61909,8/6/2026,RJ,https://www.mercadodaspulgasleiloes.com.br/,2026-06-10T23:20:12
leiloesportaldascolecoes.com.br,Portal das Coleções,61876,8/6/2026,PR,https://www.leiloesportaldascolecoes.com.br/,2026-06-10T23:20:12
bentaleiloes.com.br,Benta Leilões,61684,8/6/2026,RJ,https://www.bentaleiloes.com.br/,2026-06-10T23:20:12
mariapaulaleiloes.com.br,"Maria Paula Leilões, Antiguidades e Artes",61682,8/6/2026,SP,https://www.mariapaulaleiloes.com.br/,2026-06-10T23:20:12
esmeraldaleiloes.com.br,Esmeralda Leilões,61671,8/6/2026,RJ,https://www.esmeraldaleiloes.com.br/,2026-06-10T23:20:12
felipesouzaleiloeiro.com.br,Felipe Souza Leiloeiro,61471,8/6/2026,RJ,https://www.felipesouzaleiloeiro.com.br/,2026-06-10T23:20:12
leilao.lalanda.com.br,Lalanda Brasil,60994,8/6/2026,SP,https://www.leilao.lalanda.com.br/,2026-06-10T23:20:12
republicadaarte.com.br,Galeria República da Arte,62447,6/6/2026,PR,https://www.republicadaarte.com.br/,2026-06-10T23:20:12
fxmcolecoes.com.br,FxXxM Moedas & Coleções,62280,6/6/2026,SP,https://www.fxmcolecoes.com.br/,2026-06-10T23:20:12
antiquarioibiza.com.br,Antiquário Ibiza,62247,6/6/2026,RJ,https://www.antiquarioibiza.com.br/,2026-06-10T23:20:12
kenyapioleiloes.com.br,Kenya Pio Leilões de Arte,62170,6/6/2026,RJ,https://www.kenyapioleiloes.com.br/,2026-06-10T23:20:12
prochicleiloes.com.br,Pró Chic Leilões,62157,6/6/2026,RJ,https://www.prochicleiloes.com.br/,2026-06-10T23:20:12
valedocahyleiloes.com.br,Vale do Cahy Multicolecionismo,61997,6/6/2026,RS,https://www.valedocahyleiloes.com.br/,2026-06-10T23:20:12
leilaoexpressbrasil.com.br,Leilão Express Brasil,61904,6/6/2026,SP,https://www.leilaoexpressbrasil.com.br/,2026-06-10T23:20:12
rivaldodantasleiloes.com.br,Rivaldo Dantas Leilões,61742,6/6/2026,SP,https://www.rivaldodantasleiloes.com.br/,2026-06-10T23:20:12
numismaticarauber.com.br,Numismatica Rauber,61726,6/6/2026,RS,https://www.numismaticarauber.com.br/,2026-06-10T23:20:12
brasillivros.com.br,Brasil Livros,60723,6/6/2026,RJ,https://www.brasillivros.com.br/,2026-06-10T23:20:12
filatelicauniao.com.br,Filatélica União,62524,5/6/2026,SP,https://www.filatelicauniao.com.br/,2026-06-10T23:20:12
rosanavaleleiloes.com.br,Rosana Vale Leilões,62395,5/6/2026,RJ,https://www.rosanavaleleiloes.com.br/,2026-06-10T23:20:12
tavaresleiloes.com.br,Tavares Leilões,62313,5/6/2026,RJ,https://www.tavaresleiloes.com.br/,2026-06-10T23:20:12
retroversoleiloes.com.br,Retroverso Leilões,62197,5/6/2026,SP,https://www.retroversoleiloes.com.br/,2026-06-10T23:20:12
errolflynnleiloes.com.br,Errol Flynn - Leiloeiro Público,62098,5/6/2026,MG,https://www.errolflynnleiloes.com.br/,2026-06-10T23:20:12
thapejoias.com.br,Thape Joias,62019,5/6/2026,RJ,https://www.thapejoias.com.br/,2026-06-10T23:20:12
pecasehistorias.com.br,Peças e Historias Leilões,62017,5/6/2026,SP,https://www.pecasehistorias.com.br/,2026-06-10T23:20:12
leiloesdelatorre.com.br,Leilões de Latorre,61939,5/6/2026,SP,https://www.leiloesdelatorre.com.br/,2026-06-10T23:20:12
prochicleiloes.com.br,Pró Chic Leilões,61776,5/6/2026,RJ,https://www.prochicleiloes.com.br/,2026-06-10T23:20:12
antiguidadenacional.com.br,Antiguidade Nacional,61772,5/6/2026,ES,https://www.antiguidadenacional.com.br/,2026-06-10T23:20:12
villamilanileiloes.com.br,Villa Milani Antiquário,61663,5/6/2026,SP,https://www.villamilanileiloes.com.br/,2026-06-10T23:20:12
tratofeitobrazilleiloes.com.br,Trato Feito Brazil Leilões,61406,5/6/2026,RJ,https://www.tratofeitobrazilleiloes.com.br/,2026-06-10T23:20:12
santayana.com.br,Santayana Leilões,60853,5/6/2026,RS,https://www.santayana.com.br/,2026-06-10T23:20:12
republicadaarte.com.br,Galeria República da Arte,62299,30/5/2026,PR,https://www.republicadaarte.com.br/,2026-06-10T23:20:12
antiquarioibiza.com.br,Antiquário Ibiza,62246,30/5/2026,RJ,https://www.antiquarioibiza.com.br/,2026-06-10T23:20:12
fxmcolecoes.com.br,FxXxM Moedas & Coleções,62128,30/5/2026,SP,https://www.fxmcolecoes.com.br/,2026-06-10T23:20:12
arteseantiquariobenjamin.com.br,Artes e Antiquário Benjamin,62068,30/5/2026,RJ,https://www.arteseantiquariobenjamin.com.br/,2026-06-10T23:20:12
piadoselo.com.br,Piá do Selo,61942,30/5/2026,PR,https://www.piadoselo.com.br/,2026-06-10T23:20:12
discodevinil.com,Disco de Vinil,61637,30/5/2026,RJ,https://www.discodevinil.com/,2026-06-10T23:20:12
bastosleiloes.com.br,Bastos Leilões,59932,30/5/2026,RJ,https://www.bastosleiloes.com.br/,2026-06-10T23:20:12
rugendasvitorbraga.com.br,Galeria Vitor Braga Leilões,57259,30/5/2026,MG,https://www.rugendasvitorbraga.com.br/,2026-06-10T23:20:12
valhalaleiloes.com.br,Valhala Leilões,62350,3/6/2026,SP,https://www.valhalaleiloes.com.br/,2026-06-10T23:20:12
ghnumismatica.com.br,GH Numismática,62271,3/6/2026,RJ,https://www.ghnumismatica.com.br/,2026-06-10T23:20:12
saojorgeleiloes.com.br,São Jorge Leilões,62234,3/6/2026,SP,https://www.saojorgeleiloes.com.br/,2026-06-10T23:20:12
plusartedecorleiloes.com.br,Plus Arte Decor e Leilões,62212,3/6/2026,RJ,https://www.plusartedecorleiloes.com.br/,2026-06-10T23:20:12
retroversoleiloes.com.br,Retroverso Leilões,62200,3/6/2026,SP,https://www.retroversoleiloes.com.br/,2026-06-10T23:20:12
waltergisermanleiloes.com.br,Walter Giserman Leilões,62057,3/6/2026,RJ,https://www.waltergisermanleiloes.com.br/,2026-06-10T23:20:12
arsleiloes.com.br,Graphos Arte - Ars Escritório de Arte,62051,3/6/2026,DF,https://www.arsleiloes.com.br/,2026-06-10T23:20:12
abreucolecionismo.com.br,Abreu Colecionismo,62039,3/6/2026,SC,https://www.abreucolecionismo.com.br/,2026-06-10T23:20:12
villamedicileiloes.com.br,Villa Medici Leilões,61984,3/6/2026,RJ,https://www.villamedicileiloes.com.br/,2026-06-10T23:20:12
artemodernaleiloes.com.br,Arte Moderna Leilões,61974,3/6/2026,RS,https://www.artemodernaleiloes.com.br/,2026-06-10T23:20:12
leiloeseternno.com.br,Eternno Leilões,61972,3/6/2026,RJ,https://www.leiloeseternno.com.br/,2026-06-10T23:20:12
anaaquinoleiloes.com.br,Ana Aquino Leilões,61948,3/6/2026,SP,https://www.anaaquinoleiloes.com.br/,2026-06-10T23:20:12
olhodeboifilatelialeiloes.com.br,Olho de Boi Filatelia,61938,3/6/2026,PR,https://www.olhodeboifilatelialeiloes.com.br/,2026-06-10T23:20:12
santayana.com.br,Santayana Leilões,61887,3/6/2026,RS,https://www.santayana.com.br/,2026-06-10T23:20:12
extremaleiloes.com.br,Extrema Leilões,61881,3/6/2026,MG,https://www.extremaleiloes.com.br/,2026-06-10T23:20:12
nossopassado.com.br,Nosso Passado Mobiliário,61807,3/6/2026,RJ,https://www.nossopassado.com.br/,2026-06-10T23:20:12
tatypaschoal.com.br,Taty Paschoal Antiguidades leilões,61793,3/6/2026,SP,https://www.tatypaschoal.com.br/,2026-06-10T23:20:12
danielchaiebleiloeiro.com.br,Daniel Chaieb - Leiloeiro Oficial,61781,3/6/2026,RS,https://www.danielchaiebleiloeiro.com.br/,2026-06-10T23:20:12
cozaroreliquias.com.br,Cozaro Relíquias,61774,3/6/2026,SP,https://www.cozaroreliquias.com.br/,2026-06-10T23:20:12
glaudistoneleilao.com.br,G Leilão Vinil e Antiguidades,61719,3/6/2026,AL,https://www.glaudistoneleilao.com.br/,2026-06-10T23:20:12
baudogordo.com.br,Baú do Gordo,61653,3/6/2026,SP,https://www.baudogordo.com.br/,2026-06-10T23:20:12
rangerdotexas.com.br,Ranger do Texas,61642,3/6/2026,RS,https://www.rangerdotexas.com.br/,2026-06-10T23:20:12
kiraleiloes.com.br,Kira Leilões,61350,3/6/2026,SP,https://www.kiraleiloes.com.br/,2026-06-10T23:20:12
meloleiloeiro.com.br,Melo Leiloeiro,61281,3/6/2026,RJ,https://www.meloleiloeiro.com.br/,2026-06-10T23:20:12
vertumleiloes.com.br,Vertum Leilões,60518,3/6/2026,RJ,https://www.vertumleiloes.com.br/,2026-06-10T23:20:12
anamelloleiloeira.com.br,Ana Mello Leiloeira,59743,3/6/2026,RJ,https://www.anamelloleiloeira.com.br/,2026-06-10T23:20:12
marthaburleleiloes.com.br,Martha Burle Escritório de Arte Consultoria ,59725,3/6/2026,RJ,https://www.marthaburleleiloes.com.br/,2026-06-10T23:20:12
leilaothaisalexandre.com.br,Leilão Thais Alexandre,59628,3/6/2026,RJ,https://www.leilaothaisalexandre.com.br/,2026-06-10T23:20:12
filatelicauniao.com.br,Filatélica União,62334,29/5/2026,SP,https://www.filatelicauniao.com.br/,2026-06-10T23:20:12
solmarelualeiloes.com.br,Sol Mar e Lua Leilões,62275,29/5/2026,SP,https://www.solmarelualeiloes.com.br/,2026-06-10T23:20:12
artebrasilleiloes.com.br,Arte Brasil Leilões,62261,29/5/2026,RJ,https://www.artebrasilleiloes.com.br/,2026-06-10T23:20:12
reginaldodacostaleiloes.com.br,Reginaldo da Costa Leilões,62223,29/5/2026,RJ,https://www.reginaldodacostaleiloes.com.br/,2026-06-10T23:20:12
zeusnumismaticaeartes.com.br,Zeus Numismática Artes e leilão,62164,29/5/2026,SP,https://www.zeusnumismaticaeartes.com.br/,2026-06-10T23:20:12
avcolecoes.com.br,Av Coleções,62155,29/5/2026,SP,https://www.avcolecoes.com.br/,2026-06-10T23:20:12
robertohaddad.lel.br,Roberto Haddad - Leiloeiro Oficial,62116,29/5/2026,RJ,https://www.robertohaddad.lel.br/,2026-06-10T23:20:12
poraoleiloes.com.br,Porão Leilões,61995,29/5/2026,SP,https://www.poraoleiloes.com.br/,2026-06-10T23:20:12
parizmoedas.com.br,Pariz Moedas,61983,29/5/2026,PR,https://www.parizmoedas.com.br/,2026-06-10T23:20:12
leiloes.cataventodiscos.com.br,Catavento Discos,61980,29/5/2026,SP,https://www.leiloes.cataventodiscos.com.br/,2026-06-10T23:20:12
outrasepocas.com.br,Outras Épocas - Coleções e Antiguidades,61944,29/5/2026,SP,https://www.outrasepocas.com.br/,2026-06-10T23:20:12
danielchaiebleiloeiro.com.br,Daniel Chaieb - Leiloeiro Oficial,61928,29/5/2026,RS,https://www.danielchaiebleiloeiro.com.br/,2026-06-10T23:20:12
centrodasartesantiquario.com.br,Centro das Artes,61878,29/5/2026,RJ,https://www.centrodasartesantiquario.com.br/,2026-06-10T23:20:12
casamacedo.com.br,Casa Macedo de Leilões,61823,29/5/2026,RJ,https://www.casamacedo.com.br/,2026-06-10T23:20:12
classicosmodernosleiloes.com.br,Clássicos Modernos Leilões,61767,29/5/2026,RJ,https://www.classicosmodernosleiloes.com.br/,2026-06-10T23:20:12
claudiofirminoleiloeiro.com.br,Claudio Firmino Leiloeiro,61755,29/5/2026,RJ,https://www.claudiofirminoleiloeiro.com.br/,2026-06-10T23:20:12
casadocacaredoleiloes.com.br,Casa do Cacaredo Leilões,61746,29/5/2026,RS,https://www.casadocacaredoleiloes.com.br/,2026-06-10T23:20:12
rivaldodantasleiloes.com.br,Rivaldo Dantas Leilões,61740,29/5/2026,SP,https://www.rivaldodantasleiloes.com.br/,2026-06-10T23:20:12
raphaelbarbeitoleiloes.com.br,Raphael Barbeito Leilões,61686,29/5/2026,RJ,https://www.raphaelbarbeitoleiloes.com.br/,2026-06-10T23:20:12
diegoaraujoleiloeiro.com.br,Diego Araújo Leiloeiro Público Oficial,61469,29/5/2026,RS,https://www.diegoaraujoleiloeiro.com.br/,2026-06-10T23:20:12
tratofeitobrazilleiloes.com.br,Trato Feito Brazil Leilões,61405,29/5/2026,RJ,https://www.tratofeitobrazilleiloes.com.br/,2026-06-10T23:20:12
exitoarteseantiguidades.com.br,Êxito Artes e Antiguidades,60796,29/5/2026,RJ,https://www.exitoarteseantiguidades.com.br/,2026-06-10T23:20:12
santayana.com.br,Santayana Leilões,60744,29/5/2026,RS,https://www.santayana.com.br/,2026-06-10T23:20:12
ninhodafenixantiquario.com.br,Antiquário Ninho da Fênix,60669,29/5/2026,SP,https://www.ninhodafenixantiquario.com.br/,2026-06-10T23:20:12
tuneldotempoleiloes.com.br,Túnel do Tempo Leilões,60106,29/5/2026,SP,https://www.tuneldotempoleiloes.com.br/,2026-06-10T23:20:12
viaarteleiloes.com.br,Via Arte Leilões,62216,28/5/2026,SP,https://www.viaarteleiloes.com.br/,2026-06-10T23:20:12
watchbossleiloes.com.br,Watch Boss Leilões,62202,28/5/2026,SP,https://www.watchbossleiloes.com.br/,2026-06-10T23:20:12
oldstoreleiloes.com.br,Old Store Leilões,62166,28/5/2026,SP,https://www.oldstoreleiloes.com.br/,2026-06-10T23:20:12
claudiofirminoleiloeiro.com.br,Claudio Firmino Leiloeiro,61975,28/5/2026,RJ,https://www.claudiofirminoleiloeiro.com.br/,2026-06-10T23:20:12
mykonosleiloes.com.br,Mykonos leilões,61964,28/5/2026,SP,https://www.mykonosleiloes.com.br/,2026-06-10T23:20:12
bradg.com.br,Bradg Brazilian Art e Design Gallery,61961,28/5/2026,PR,https://www.bradg.com.br/,2026-06-10T23:20:12
abreucolecionismo.com.br,Abreu Colecionismo,61929,28/5/2026,SC,https://www.abreucolecionismo.com.br/,2026-06-10T23:20:12
budanoleiloeiro.com.br,Francesco Budano - Leiloeiro Oficial,61875,28/5/2026,SP,https://www.budanoleiloeiro.com.br/,2026-06-10T23:20:12
danielchaiebleiloeiro.com.br,Daniel Chaieb - Leiloeiro Oficial,61871,28/5/2026,RS,https://www.danielchaiebleiloeiro.com.br/,2026-06-10T23:20:12
livrariafigaroleiloes.com.br,Livraria Fígaro Leilões,61787,28/5/2026,PR,https://www.livrariafigaroleiloes.com.br/,2026-06-10T23:20:12
prochicleiloes.com.br,Pró Chic Leilões,61775,28/5/2026,RJ,https://www.prochicleiloes.com.br/,2026-06-10T23:20:12
leiloesbrunofrancesco.com.br,Leilões Bruno Francesco,61699,28/5/2026,RJ,https://www.leiloesbrunofrancesco.com.br/,2026-06-10T23:20:12
anaaquinoleiloes.com.br,Ana Aquino Leilões,61673,28/5/2026,SP,https://www.anaaquinoleiloes.com.br/,2026-06-10T23:20:12
webantigos.com.br,Web Antigos,61659,28/5/2026,RS,https://www.webantigos.com.br/,2026-06-10T23:20:12
leiloesgaleriavh.com.br,Leilões Galeria Victor Hugo,61655,28/5/2026,SP,https://www.leiloesgaleriavh.com.br/,2026-06-10T23:20:12
quasetudomoveisleiloes.com.br,Quase Tudo Móveis Leilões,61143,28/5/2026,SP,https://www.quasetudomoveisleiloes.com.br/,2026-06-10T23:20:12
dasantigasleiloes.com.br,Das Antigas Leilões,61068,28/5/2026,RJ,https://www.dasantigasleiloes.com.br/,2026-06-10T23:20:12
rmbartes.com.br,RMB Leilões Arte e Antiguidades,60797,28/5/2026,RJ,https://www.rmbartes.com.br/,2026-06-10T23:20:12
bid-leilao.com.br,Bid Leilão,59204,28/5/2026,RJ,https://www.bid-leilao.com.br/,2026-06-10T23:20:12
alcazarcoinsleiloes.com.br,Alcazar Coins,58225,28/5/2026,SP,https://www.alcazarcoinsleiloes.com.br/,2026-06-10T23:20:12
plusartedecorleiloes.com.br,Plus Arte Decor e Leilões,62211,27/5/2026,RJ,https://www.plusartedecorleiloes.com.br/,2026-06-10T23:20:12
54leiloes.com.br,54 Leilões,62182,27/5/2026,MG,https://www.54leiloes.com.br/,2026-06-10T23:20:12
dellfannyleiloes.com.br,Dell Fanny Jóias Leilões,62162,27/5/2026,RJ,https://www.dellfannyleiloes.com.br/,2026-06-10T23:20:12
prhleiloes.com.br,PRH Leilões,62101,27/5/2026,RS,https://www.prhleiloes.com.br/,2026-06-10T23:20:12
clubefilatelicodobrasil.org,Clube Filatélico do Brasil,62066,27/5/2026,SP,https://www.clubefilatelicodobrasil.org/,2026-06-10T23:20:12
elipellensleiloes.com.br,Eli Pellens Leilões,62025,27/5/2026,PR,https://www.elipellensleiloes.com.br/,2026-06-10T23:20:12
santayana.com.br,Santayana Leilões,61886,27/5/2026,RS,https://www.santayana.com.br/,2026-06-10T23:20:12
ocolecionnadorleiloes.com.br,Ocolecionnador,61872,27/5/2026,RJ,https://www.ocolecionnadorleiloes.com.br/,2026-06-10T23:20:12
olhodelibraleiloes.com.br,Olho de Libra Leilões,61789,27/5/2026,SP,https://www.olhodelibraleiloes.com.br/,2026-06-10T23:20:12
vinil11leiloes.com.br,Vinil 11 leilões de vinil,61785,27/5/2026,SC,https://www.vinil11leiloes.com.br/,2026-06-10T23:20:12
anamelloleiloeira.com.br,Ana Mello Leiloeira,61783,27/5/2026,RJ,https://www.anamelloleiloeira.com.br/,2026-06-10T23:20:12
amelialeiloeira.com.br,Amélia Amaral Leiloeira,61779,27/5/2026,SP,https://www.amelialeiloeira.com.br/,2026-06-10T23:20:12
mundoemartes.com.br,Mundo em Artes Leilões,61724,27/5/2026,SP,https://www.mundoemartes.com.br/,2026-06-10T23:20:12
thiagoleiloes.com.br,Thiago Leilões,61648,27/5/2026,MG,https://www.thiagoleiloes.com.br/,2026-06-10T23:20:12
leiloeseternno.com.br,Eternno Leilões,61627,27/5/2026,RJ,https://www.leiloeseternno.com.br/,2026-06-10T23:20:12
antigonautasleiloes.com.br,"Antigonautas Leilões - Antiguidades, Coleções e Decoração",61516,27/5/2026,SP,https://www.antigonautasleiloes.com.br/,2026-06-10T23:20:12
casaamarelaleiloes.net.br,Casa Amarela Leilões de Arte,61318,27/5/2026,SP,https://www.casaamarelaleiloes.net.br/,2026-06-10T23:20:12
fatimagarcialeiloes.com.br,Fátima Garcia Leilões,61173,27/5/2026,RJ,https://www.fatimagarcialeiloes.com.br/,2026-06-10T23:20:12
lagemmeleiloes.com.br,La Gemme Leilões,60812,27/5/2026,RJ,https://www.lagemmeleiloes.com.br/,2026-06-10T23:20:12
giullianovieira.com.br,Vieira Leilões,59105,27/5/2026,DF,https://www.giullianovieira.com.br/,2026-06-10T23:20:12
leiloesmantiqueira.com.br,Leilões Mantiqueira,62190,26/5/2026,MG,https://www.leiloesmantiqueira.com.br/,2026-06-10T23:20:12
ghnumismatica.com.br,GH Numismática,62126,26/5/2026,RJ,https://www.ghnumismatica.com.br/,2026-06-10T23:20:12
modernaleiloes.com.br,Numismática Moderna Leilões,62085,26/5/2026,SP,https://www.modernaleiloes.com.br/,2026-06-10T23:20:12
mullercolecoes.com.br,Muller Coleções,62035,26/5/2026,SP,https://www.mullercolecoes.com.br/,2026-06-10T23:20:12
filatelicabeck.com.br,Filatélica Beck,62006,26/5/2026,PR,https://www.filatelicabeck.com.br/,2026-06-10T23:20:12
alvuraleiloes.com.br,Alvura Leilões Gestora de Ativos,61960,26/5/2026,PR,https://www.alvuraleiloes.com.br/,2026-06-10T23:20:12
nrleiloes.com.br,NR Leilões,61940,26/5/2026,PE,https://www.nrleiloes.com.br/,2026-06-10T23:20:12
ipanemaemporio.com.br,Ipanema Empório Leilões,61933,26/5/2026,RJ,https://www.ipanemaemporio.com.br/,2026-06-10T23:20:12
acervodogarimpeiro.com.br,Acervo do Garimpeiro,61778,26/5/2026,SP,https://www.acervodogarimpeiro.com.br/,2026-06-10T23:20:12
rivaldodantasleiloes.com.br,Rivaldo Dantas Leilões,61739,26/5/2026,SP,https://www.rivaldodantasleiloes.com.br/,2026-06-10T23:20:12
danielchaiebleiloeiro.com.br,Daniel Chaieb - Leiloeiro Oficial,61607,26/5/2026,RS,https://www.danielchaiebleiloeiro.com.br/,2026-06-10T23:20:12
budanoleiloeiro.com.br,Francesco Budano - Leiloeiro Oficial,61592,26/5/2026,SP,https://www.budanoleiloeiro.com.br/,2026-06-10T23:20:12
prochicleiloes.com.br,Pró Chic Leilões,61573,26/5/2026,RJ,https://www.prochicleiloes.com.br/,2026-06-10T23:20:12
artwayleiloes.com.br,Artway Leilões,61375,26/5/2026,PR,https://www.artwayleiloes.com.br/,2026-06-10T23:20:12
leiloesdubai.com.br,Leilões Dubai,60888,26/5/2026,RJ,https://www.leiloesdubai.com.br/,2026-06-10T23:20:12
casanostraleiloes.com.br,Casa Nostra Leilões,57034,2026-07-18T19:00,SP,http://www.casanostraleiloes.com.br,2026-06-10T23:10:01
rrdeco.com.br,RR DECO Antiguidades,60187,2026-07-17T18:00,RJ,http://www.rrdeco.com.br,2026-06-10T23:10:01
rrdeco.com.br,RR DECO Antiguidades,62091,2026-07-10T13:00,RJ,http://www.rrdeco.com.br,2026-06-10T23:09:34
pascavalcante.com.br,Pas Cavalcante Leilões,62040,2026-07-07T15:00,RJ,http://www.pascavalcante.com.br,2026-06-10T23:08:54
santayana.com.br,Santayana Leilões,61954,2026-07-07T14:00,RS,http://www.santayana.com.br,2026-06-10T23:09:24
mazzola368leiloes.com.br,Ganesha Antigo,61992,2026-07-06T19:00,SP,http://www.mazzola368leiloes.com.br,2026-06-10T23:09:04
diegoaraujoleiloeiro.com.br,Diego Araújo Leiloeiro Público Oficial,62520,2026-07-03T19:00,RS,http://www.diegoaraujoleiloeiro.com.br,2026-06-10T23:10:21
resgatemoveisleiloes.com,Resgate Móveis leilões,62482,2026-06-30T20:00,SP,http://www.resgatemoveisleiloes.com,2026-06-10T23:08:54
santayana.com.br,Santayana Leilões,62104,2026-06-26T14:00,RS,http://www.santayana.com.br,2026-06-10T23:08:54
santayana.com.br,Santayana Leilões,62337,2026-06-25T19:00,RS,http://www.santayana.com.br,2026-06-10T23:09:48
joaodefrancoleiloeiro.com.br,João de Franco Leiloeiro,55831,2026-06-25T19:00,RJ,http://www.joaodefrancoleiloeiro.com.br,2026-06-10T23:10:01
anamelloleiloeira.com.br,Ana Mello Leiloeira,61897,2026-06-24T19:00,RJ,http://www.anamelloleiloeira.com.br,2026-06-10T23:09:54
bonequinhadeluxoleiloes.com.br,Bonequinha de Luxo Leilões,62353,2026-06-24T18:00,RJ,http://www.bonequinhadeluxoleiloes.com.br,2026-06-10T23:10:37
santayana.com.br,Santayana Leilões,60851,2026-06-24T14:00,RS,http://www.santayana.com.br,2026-06-10T23:09:04
danielchaiebleiloeiro.com.br,Daniel Chaieb - Leiloeiro Oficial,62578,2026-06-24T14:00,RS,http://www.danielchaiebleiloeiro.com.br,2026-06-10T23:11:37
magleiloes.com.br,Mag Leilões,62605,2026-06-23T20:00,SP,http://www.magleiloes.com.br,2026-06-10T23:09:38
danielchaiebleiloeiro.com.br,Daniel Chaieb - Leiloeiro Oficial,62544,2026-06-23T14:00,RS,http://www.danielchaiebleiloeiro.com.br,2026-06-10T23:09:04
lavecchialeiloes.com.br,La Vecchia antiguidades,62417,2026-06-22T20:00,SP,http://www.lavecchialeiloes.com.br,2026-06-10T23:09:34
santayana.com.br,Santayana Leilões,62339,2026-06-22T19:00,RS,http://www.santayana.com.br,2026-06-10T23:10:01
antiguitati.com.br,Antiguitati Leilões,62159,2026-06-19T19:00,RJ,http://www.antiguitati.com.br,2026-06-10T23:10:01
albertolopesleiloeiro.com.br,Alberto Lopes - Leiloeiro Público,62661,2026-06-19T19:00,RJ,http://www.albertolopesleiloeiro.com.br,2026-06-10T23:11:37
vmescritarteleiloes.com.br,VM Escritório de Arte,62422,2026-06-18T20:00,SP,http://www.vmescritarteleiloes.com.br,2026-06-10T23:10:37
paulaoantiguidades.com.br,Leilões Paulão antiguidades,61966,2026-06-18T19:00,RJ,http://www.paulaoantiguidades.com.br,2026-06-10T23:10:01
bruceangeirasleiloeiro.com.br,Bruce Angeiras Leilões,61919,2026-06-18T19:00,RJ,http://www.bruceangeirasleiloeiro.com.br,2026-06-10T23:10:37
emporiopaulista.net,Empório Paulista Leilões,62566,2026-06-18T15:00,SP,http://www.emporiopaulista.net,2026-06-10T23:09:34
pecaunicacolecionismo.com.br,Peça Única Colecionismo,62504,2026-06-18T15:00,SP,http://www.pecaunicacolecionismo.com.br,2026-06-10T23:12:29
ciclosleiloes.com.br,Ciclos Leilões,61115,2026-06-18T14:00,RS,http://www.ciclosleiloes.com.br,2026-06-10T23:08:54
danielchaiebleiloeiro.com.br,Daniel Chaieb - Leiloeiro Oficial,62501,2026-06-18T14:00,RS,http://www.danielchaiebleiloeiro.com.br,2026-06-10T23:09:57
bradg.com.br,Bradg Brazilian Art e Design Gallery,62746,2026-06-18T14:00,PR,http://www.bradg.com.br,2026-06-10T23:11:37
antiquariocaminhoto.com.br,Antiquário Caminhoto,62264,2026-06-17T20:00,SP,http://www.antiquariocaminhoto.com.br,2026-06-10T23:09:24
fibragaleria.com,Fibra Galeria,62072,2026-06-17T20:00,SP,http://www.fibragaleria.com,2026-06-10T23:12:29
coelhovirtual.com.br,Coelho Virtual Leiloes,62243,2026-06-17T20:00,SP,http://www.coelhovirtual.com.br,2026-06-10T23:12:29
numismaticarepublica.com.br,Numismática República Leilões,61095,2026-06-17T20:00,MG,http://www.numismaticarepublica.com.br,2026-06-10T23:13:11
santayana.com.br,Santayana Leilões,62106,2026-06-17T19:00,RS,http://www.santayana.com.br,2026-06-10T23:09:24
anamelloleiloeira.com.br,Ana Mello Leiloeira,60770,2026-06-17T19:00,RJ,http://www.anamelloleiloeira.com.br,2026-06-10T23:09:34
cb-leiloeiro.com.br,CB - Carvalho Borges Leiloeiro,61720,2026-06-17T19:00,ES,http://www.cb-leiloeiro.com.br,2026-06-10T23:10:01
galeriaartemresilva.art.br,Galeria Arte MR e Silva,62753,2026-06-17T16:00,SP,http://www.galeriaartemresilva.art.br,2026-06-10T23:11:37
br.ernanileiloeiro.com.br,Ernani Leiloeiro Oficial,56361,2026-06-17T15:00,RJ,http://br.ernanileiloeiro.com.br,2026-06-10T23:09:04
marirodriguesleiloeira.com.br,Marilaine Rodrigues - Leiloeira Pública,61251,2026-06-17T15:00,RJ,http://www.marirodriguesleiloeira.com.br,2026-06-10T23:09:24
santayana.com.br,Santayana Leilões,61474,2026-06-17T14:00,RS,http://www.santayana.com.br,2026-06-10T23:08:54
prochicleiloes.com.br,Pró Chic Leilões,62770,2026-06-17T14:00,RJ,http://www.prochicleiloes.com.br,2026-06-10T23:12:29
interiorantigo.com.br,Interior Antigo,62488,2026-06-16T20:00,SP,http://www.interiorantigo.com.br,2026-06-10T23:08:54
conradoleiloeiro.com.br,Felix Conrado - Leiloeiro Oficial,62441,2026-06-16T20:00,RJ,http://www.conradoleiloeiro.com.br,2026-06-10T23:09:04
thgleiloes.com.br,THG Leilões,61977,2026-06-16T20:00,SP,http://www.thgleiloes.com.br,2026-06-10T23:09:04
renotleiloes.com.br,Renot Leilões,62598,2026-06-16T20:00,SP,http://www.renotleiloes.com.br,2026-06-10T23:11:37
claudiosantanaleiloeiro.com.br,Claudio Santana Leiloeiro Público,62263,2026-06-16T19:00,RJ,http://www.claudiosantanaleiloeiro.com.br,2026-06-10T23:08:54
delonleiloes.com.br,Delon Leilões,61492,2026-06-16T19:00,RJ,http://www.delonleiloes.com.br,2026-06-10T23:09:04
leilaovaledosreis.com.br,Leilão Vale dos Reis,61601,2026-06-16T19:00,RJ,http://www.leilaovaledosreis.com.br,2026-06-10T23:09:24
garimpoleiloes.com.br,Garimpo Leilões,62132,2026-06-16T19:00,RS,http://www.garimpoleiloes.com.br,2026-06-10T23:09:34
bruceangeirasleiloeiro.com.br,Bruce Angeiras Leilões,62664,2026-06-16T19:00,RJ,http://www.bruceangeirasleiloeiro.com.br,2026-06-10T23:09:57
rosanavaleleiloes.com.br,Rosana Vale Leilões,60441,2026-06-16T19:00,RJ,http://www.rosanavaleleiloes.com.br,2026-06-10T23:10:01
velhooesteantiguidades.com.br,Velho Oeste Antiguidades,62312,2026-06-16T19:00,SC,http://www.velhooesteantiguidades.com.br,2026-06-10T23:10:01
artemaiorleiloes.com.br,Arte Maior Leilões,62371,2026-06-16T19:00,PE,http://www.artemaiorleiloes.com.br,2026-06-10T23:11:37
santayana.com.br,Santayana Leilões,61956,2026-06-16T19:00,RS,http://www.santayana.com.br,2026-06-10T23:11:37
antiguidadenacional.com.br,Antiguidade Nacional,62003,2026-06-16T18:00,ES,http://www.antiguidadenacional.com.br,2026-06-10T23:10:01
rtleiloes.com.br,RT Leilões e Artes,62497,2026-06-16T15:00,RJ,http://www.rtleiloes.com.br,2026-06-10T23:11:37
danielchaiebleiloeiro.com.br,Daniel Chaieb - Leiloeiro Oficial,62287,2026-06-16T14:00,RS,http://www.danielchaiebleiloeiro.com.br,2026-06-10T23:09:04
alvuraleiloes.com.br,Alvura Leilões Gestora de Ativos,62679,2026-06-16T14:00,PR,http://www.alvuraleiloes.com.br,2026-06-10T23:11:37
gold.lel.br,Gold Leilões,62149,2026-06-15T20:00,SP,http://www.gold.lel.br,2026-06-10T23:09:04
oficinacenarioleiloes.com.br,Oficina Cenário Leilões,61890,2026-06-15T20:00,SP,http://www.oficinacenarioleiloes.com.br,2026-06-10T23:09:04
paulovasconcellosleiloes.com.br,Paulo Vasconcellos Leilões,61584,2026-06-15T20:00,SP,http://www.paulovasconcellosleiloes.com.br,2026-06-10T23:09:38
brunoreisarte.com.br,Bruno Reis Leilões,61766,2026-06-15T20:00,MG,http://www.brunoreisarte.com.br,2026-06-10T23:11:37
antiquariodutraqueimados.com.br,Leilões Dutra Queimados,62087,2026-06-15T19:00,RJ,http://www.antiquariodutraqueimados.com.br,2026-06-10T23:09:38
danielbastosleiloeiro.com.br,Daniel Bastos Leiloeiro Público,62124,2026-06-15T19:00,RJ,http://www.danielbastosleiloeiro.com.br,2026-06-10T23:10:01
tamiriscarvalholeiloeira.com.br,Tamiris Carvalho Leiloeira,61656,2026-06-15T19:00,RJ,http://www.tamiriscarvalholeiloeira.com.br,2026-06-10T23:10:37
santayana.com.br,Santayana Leilões,61953,2026-06-15T19:00,RS,http://www.santayana.com.br,2026-06-10T23:12:55
vapordaarte.com.br,Vapor da Arte Leilões,62450,2026-06-15T16:00,SP,http://www.vapordaarte.com.br,2026-06-10T23:09:04
mbantiguidades.com.br,MB Antiguidades,62380,2026-06-15T15:00,RJ,http://www.mbantiguidades.com.br,2026-06-10T23:09:38
houseleiloes.com.br,House Leilões,62375,2026-06-13T20:00,SP,http://www.houseleiloes.com.br,2026-06-10T23:08:54
capitaldasartes.com.br,Capital das Artes,62547,2026-06-13T16:00,RJ,http://www.capitaldasartes.com.br,2026-06-10T23:09:34
flaviasantosleiloes.com.br,Flavia Santos Leilões,62114,2026-06-13T15:00,SP,http://www.flaviasantosleiloes.com.br,2026-06-10T23:11:37
teixxeiraleiloes.com.br,Teixxeira Leilões,62056,2026-06-12T18:00,RS,http://www.teixxeiraleiloes.com.br,2026-06-10T23:11:37
marrakechantique.com.br,Marrakech Antique - Antiquário,62366,2026-06-12T15:00,RJ,http://www.marrakechantique.com.br,2026-06-10T23:08:54
meloleiloeiro.com.br,Melo Leiloeiro,62394,2026-06-12T15:00,RJ,http://www.meloleiloeiro.com.br,2026-06-10T23:09:04
pecaunicacolecionismo.com.br,Peça Única Colecionismo,62107,2026-06-12T15:00,SP,http://www.pecaunicacolecionismo.com.br,2026-06-10T23:12:29
jotamleiloes.com.br,Imperial JM Leilões,61324,2026-06-12T14:00,RJ,http://www.jotamleiloes.com.br,2026-06-10T23:09:04
republicadaarte.com.br,Galeria República da Arte,62448,2026-06-12T14:00,PR,http://www.republicadaarte.com.br,2026-06-10T23:11:37
marciopinho.com.br,Marcio Pinho - Leiloeiro Público,61594,2026-06-12T13:00,RJ,http://www.marciopinho.com.br,2026-06-10T23:11:37
inaciodeabreuleiloes.com.br,Inácio de Abreu Leilões,60116,2026-06-11T20:00,MG,http://www.inaciodeabreuleiloes.com.br,2026-06-10T23:09:04
rmgouvealeiloes.com.br,Roberto Magalhães Gouvêa - Leiloeiro Oficial,59635,2026-06-11T20:00,SP,http://www.rmgouvealeiloes.com.br,2026-06-10T23:09:24
galeriaabaporu.lel.br,Galeria de Artes Abaporu,62481,2026-06-11T20:00,SP,http://www.galeriaabaporu.lel.br,2026-06-10T23:11:37
leiloesvitoria.com.br,Leilões Vitória,61745,2026-06-11T19:00,RJ,http://www.leiloesvitoria.com.br,2026-06-10T23:09:04
rioantigoleiloes.com.br,Rio Antigo Leilões,61436,2026-06-11T19:00,RJ,http://www.rioantigoleiloes.com.br,2026-06-10T23:09:04
tzileiloes.com.br,Galeria de Artes e Antiguidades Tzi Leilões,62354,2026-06-11T19:00,RJ,http://www.tzileiloes.com.br,2026-06-10T23:09:04
galeriabatataleiloes.com.br,Galeria Batata Leilões,62606,2026-06-11T19:00,SP,http://www.galeriabatataleiloes.com.br,2026-06-10T23:09:24
flaviacardososoaresleiloes.com.br,Flavia Cardoso Soares - Leiloeira Oficial,62231,2026-06-11T19:00,SP,http://www.flaviacardososoaresleiloes.com.br,2026-06-10T23:10:01
budanoleiloeiro.com.br,Francesco Budano - Leiloeiro Oficial,62649,2026-06-11T19:00,SP,http://www.budanoleiloeiro.com.br,2026-06-10T23:12:29
evanioalvesleiloeiro.com.br,Evânio Alves - Leiloeiro Público,62607,2026-06-11T18:00,RJ,http://www.evanioalvesleiloeiro.com.br,2026-06-10T23:09:04
anamelloleiloeira.com.br,Ana Mello Leiloeira,62055,2026-06-11T18:00,RJ,http://www.anamelloleiloeira.com.br,2026-06-10T23:09:44
danielchaiebleiloeiro.com.br,Daniel Chaieb - Leiloeiro Oficial,62228,2026-06-11T14:00,RS,http://www.danielchaiebleiloeiro.com.br,2026-06-10T23:09:04
bradg.com.br,Bradg Brazilian Art e Design Gallery,62301,2026-06-11T14:00,PR,http://www.bradg.com.br,2026-06-10T23:12:29
jvlleiloes.com.br,JVL Leilões,62452,2026-06-10T20:00,SP,http://www.jvlleiloes.com.br,2026-06-10T23:08:54
marragavi.com.br,Marragavi Design - Artes e Antiguidades,62281,2026-06-10T20:00,RJ,http://www.marragavi.com.br,2026-06-10T23:09:04
rosalinoleiloes.com.br,Rosalino Leilões,62347,2026-06-10T20:00,SP,http://www.rosalinoleiloes.com.br,2026-06-10T23:09:04
miguelsalles.com.br,Miguel Salles Escritório de Artes,60800,2026-06-10T20:00,RJ,http://www.miguelsalles.com.br,2026-06-10T23:09:04
leilaodeartebrasileira.com.br,Leilão de Arte Brasileira,60456,2026-06-10T20:00,SP,http://www.leilaodeartebrasileira.com.br,2026-06-10T23:09:04
diepoka.com.br,Di Epoka,62522,2026-06-10T20:00,SP,http://www.diepoka.com.br,2026-06-10T23:09:24
aguiamontebelense.com.br,Águia Monte Belense Leilões,61510,2026-06-10T20:00,SP,http://www.aguiamontebelense.com.br,2026-06-10T23:10:01
joaodefrancoleiloeiro.com.br,João de Franco Leiloeiro,61244,2026-06-10T20:00,RJ,http://www.joaodefrancoleiloeiro.com.br,2026-06-10T23:13:26
jfleiloeira.com.br,JF Leiloeira,62127,2026-06-10T19:00,RJ,http://www.jfleiloeira.com.br,2026-06-10T23:09:04
vermerleiloes.com.br,Vermer Leilões,62083,2026-06-10T19:00,RJ,http://www.vermerleiloes.com.br,2026-06-10T23:09:24
douroleiloes.com.br,Douro Leilões,62165,2026-06-10T19:00,SP,http://www.douroleiloes.com.br,2026-06-10T23:09:54
albertolopesleiloeiro.com.br,Alberto Lopes - Leiloeiro Público,62086,2026-06-10T19:00,RJ,http://www.albertolopesleiloeiro.com.br,2026-06-10T23:09:57
wjunior.lel.br,Wellyngton Jr. Leiloeiro,62378,2/6/2026,SP,https://www.wjunior.lel.br/,2026-06-10T23:20:12
numismaia.com.br,Galeria Filatélica e Numismática,62342,2/6/2026,MG,https://www.numismaia.com.br/,2026-06-10T23:20:12
reiarthurleiloes.com.br,Rei Arthur Leilões,62320,2/6/2026,SP,https://www.reiarthurleiloes.com.br/,2026-06-10T23:20:12
alvuraleiloes.com.br,Alvura Leilões Gestora de Ativos,62300,2/6/2026,PR,https://www.alvuraleiloes.com.br/,2026-06-10T23:20:12
robertohaddad.lel.br,Roberto Haddad - Leiloeiro Oficial,62284,2/6/2026,RJ,https://www.robertohaddad.lel.br/,2026-06-10T23:20:12
doalfineteaofogueteleiloes.com.br,Do Alfinete ao Foguete Leilões,62274,2/6/2026,PR,https://www.doalfineteaofogueteleiloes.com.br/,2026-06-10T23:20:12
flaviacardososoaresleiloes.com.br,Flavia Cardoso Soares - Leiloeira Oficial,62217,2/6/2026,SP,https://www.flaviacardososoaresleiloes.com.br/,2026-06-10T23:20:12
nrleiloes.com.br,NR Leilões,62210,2/6/2026,PE,https://www.nrleiloes.com.br/,2026-06-10T23:20:12
modernaleiloes.com.br,Numismática Moderna Leilões,62199,2/6/2026,SP,https://www.modernaleiloes.com.br/,2026-06-10T23:20:12
nossacolecao.com.br,Nossa Coleção,62173,2/6/2026,SP,https://www.nossacolecao.com.br/,2026-06-10T23:20:12
artemaiorleiloes.com.br,Arte Maior Leilões,62153,2/6/2026,PE,https://www.artemaiorleiloes.com.br/,2026-06-10T23:20:12
colecoeseafins.com.br,Coleções e Afins,62142,2/6/2026,MG,https://www.colecoeseafins.com.br/,2026-06-10T23:20:12
lupaleiloes.com.br,Lupa Leilões,62109,2/6/2026,SP,https://www.lupaleiloes.com.br/,2026-06-10T23:20:12
piresleiloes.com.br,Pires Leilões,61987,2/6/2026,SP,https://www.piresleiloes.com.br/,2026-06-10T23:20:12
vinil11leiloes.com.br,Vinil 11 leilões de vinil,61963,2/6/2026,SC,https://www.vinil11leiloes.com.br/,2026-06-10T23:20:12
narnialeiloes.com.br,Nárnia Leilões - Antiguidades e Colecionismo,61958,2/6/2026,RJ,https://www.narnialeiloes.com.br/,2026-06-10T23:20:12
ipselos.com.br,IP Selos,61792,2/6/2026,MT,https://www.ipselos.com.br/,2026-06-10T23:20:12
brancoperonleiloeiro.com.br,Branco Peron Leiloeiro,61761,2/6/2026,SP,https://www.brancoperonleiloeiro.com.br/,2026-06-10T23:20:12
rivaldodantasleiloes.com.br,Rivaldo Dantas Leilões,61741,2/6/2026,SP,https://www.rivaldodantasleiloes.com.br/,2026-06-10T23:20:12
carolcolecionismo.com.br,Carol Colecionismo,61730,2/6/2026,SP,https://www.carolcolecionismo.com.br/,2026-06-10T23:20:12
galeriatoys.com.br,Galeria Toys,61691,2/6/2026,SP,https://www.galeriatoys.com.br/,2026-06-10T23:20:12
claudiofirminoleiloeiro.com.br,Claudio Firmino Leiloeiro,61605,2/6/2026,MG,https://www.claudiofirminoleiloeiro.com.br/,2026-06-10T23:20:12
pascavalcante.com.br,Pas Cavalcante Leilões,61278,2/6/2026,RJ,https://www.pascavalcante.com.br/,2026-06-10T23:20:12
duquesaleiloes.com.br,Duquesa Leilões,61243,2/6/2026,SP,https://www.duquesaleiloes.com.br/,2026-06-10T23:20:12
leilaolordellojoias.com.br,Lordello Joias,62381,1/6/2026,SP,https://www.leilaolordellojoias.com.br/,2026-06-10T23:20:12
santavelharia.com.br,Santa Velharia Leilões,62203,1/6/2026,SP,https://www.santavelharia.com.br/,2026-06-10T23:20:12
discosesquecidosleilao.com.br,Discos Esquecidos Colecionismo,62112,1/6/2026,SP,https://www.discosesquecidosleilao.com.br/,2026-06-10T23:20:12
mercadoaleatorio.com.br,Mercado Aleatório Leilões,61790,1/6/2026,SP,https://www.mercadoaleatorio.com.br/,2026-06-10T23:20:12
fundodobauleiloes.com.br,Antiquário Fundo do Baú,61707,1/6/2026,RJ,https://www.fundodobauleiloes.com.br/,2026-06-10T23:20:12
raildacosta.com.br,Railda Costa - Leiloeira Oficial,62402,,,http://www.raildacosta.com.br,2026-06-10T23:08:54
casaamarelaleiloes.net.br,Casa Amarela Leilões de Arte,61976,,,http://www.casaamarelaleiloes.net.br,2026-06-10T23:09:04
wattenleiloes.com.br,Watten Leilões,62002,,,http://www.wattenleiloes.com.br,2026-06-10T23:09:04
yankous.com.br,André Yankous Leiloeiro Público,61874,,,http://www.yankous.com.br,2026-06-10T23:09:04
conradoleiloeiro.com.br,Felix Conrado - Leiloeiro Oficial,62646,,,http://www.conradoleiloeiro.com.br,2026-06-10T23:09:04
joaodefrancoleiloeiro.com.br,João de Franco Leiloeiro,62532,,,http://www.joaodefrancoleiloeiro.com.br,2026-06-10T23:09:04
shoppingdosantiquarios.lel.br,Shopping dos Antiquários,61843,,,http://www.shoppingdosantiquarios.lel.br,2026-06-10T23:09:04
rioarteleiloes.com.br,Rio Arte Leilões,62093,,,http://www.rioarteleiloes.com.br,2026-06-10T23:09:04
emporiocentralantiguidades.lel.br,Emporio Central Leilões,62294,,,http://www.emporiocentralantiguidades.lel.br,2026-06-10T23:09:04
brasiliavintage.com.br,Brasília Vintage,61970,,,http://www.brasiliavintage.com.br,2026-06-10T23:09:04
valmirmatos.lel.br,Valmir Matos - Leiloeiro Oficial,61037,,,http://www.valmirmatos.lel.br,2026-06-10T23:09:24
ricamemoria.com.br,Rica Memória,62388,,,http://www.ricamemoria.com.br,2026-06-10T23:09:24
leilaomirianneto.com.br,Casa de Leilões Mirian Neto,61571,,,http://www.leilaomirianneto.com.br,2026-06-10T23:09:24
leiloesrbraga.com.br,Leilões Braga,61597,,,http://www.leiloesrbraga.com.br,2026-06-10T23:09:24
brexodolucio.com.br,Antiquário Brexo do Lúcio,60732,,,http://www.brexodolucio.com.br,2026-06-10T23:09:34
rrdeco.com.br,RR DECO Antiguidades,62089,,,http://www.rrdeco.com.br,2026-06-10T23:09:34
casaamarelaleiloes.net.br,Casa Amarela Leilões de Arte,62495,,,http://www.casaamarelaleiloes.net.br,2026-06-10T23:09:38
duzzivintage.com.br,Duzzi Vintage Leilões,62471,,,http://www.duzzivintage.com.br,2026-06-10T23:09:44
prochicleiloes.com.br,Pró Chic Leilões,62060,,,http://www.prochicleiloes.com.br,2026-06-10T23:09:48
prochicleiloes.com.br,Pró Chic Leilões,62121,,,http://www.prochicleiloes.com.br,2026-06-10T23:09:48
prochicleiloes.com.br,Pró Chic Leilões,62404,,,http://www.prochicleiloes.com.br,2026-06-10T23:09:48
tallonileiloes.com.br,Talloni Leilões,62687,,,http://www.tallonileiloes.com.br,2026-06-10T23:09:57
plusartedecorleiloes.com.br,Plus Arte Decor e Leilões,62600,,,http://www.plusartedecorleiloes.com.br,2026-06-10T23:09:57
aureaantiguidades.com.br,Áurea Antiguidades,61010,,,http://www.aureaantiguidades.com.br,2026-06-10T23:09:57
villamedicileiloes.com.br,Villa Medici Leilões,62204,,,http://www.villamedicileiloes.com.br,2026-06-10T23:10:01
bigmaxlitoral.com.br,Big Max Litoral,62410,,,http://www.bigmaxlitoral.com.br,2026-06-10T23:10:01
estiloantigoleiloes.com.br,Estilo Antigo Leilões,62163,,,http://www.estiloantigoleiloes.com.br,2026-06-10T23:10:01
leiloeslemos.com.br,Leilões Lemos,62442,,,http://www.leiloeslemos.com.br,2026-06-10T23:10:01
vitrinedasantiguidades.com.br,Vitrine das Antiguidades,62137,,,http://www.vitrinedasantiguidades.com.br,2026-06-10T23:10:21
marthapadilhaleiloeira.lel.br,Martha Isolda Padilha Leiloeira,62355,,,http://www.marthapadilhaleiloeira.lel.br,2026-06-10T23:10:21
leocolecoes.com.br,Leo Antiguidade e coleções,62511,,,http://www.leocolecoes.com.br,2026-06-10T23:10:37
miltrekosleiloes.com.br,Miltrekos Leilões,62586,,,http://www.miltrekosleiloes.com.br,2026-06-10T23:10:37
velhavelharialeiloes.com.br,Velha Velharia Antiguidades,62560,,,http://www.velhavelharialeiloes.com.br,2026-06-10T23:10:37
cooperlivros.com.br,Cooper Livros Leilões,62500,,,http://www.cooperlivros.com.br,2026-06-10T23:10:37
gpaleiloes.com.br,GPA - Garimpo Paulista Antiguidades e Leilões,62637,,,http://www.gpaleiloes.com.br,2026-06-10T23:11:37
tremdas7.com.br,Robson Gini Leilões - Trem das 7,62268,,,http://www.tremdas7.com.br,2026-06-10T23:11:37
artebrasilleiloes.com.br,Arte Brasil Leilões,62590,,,http://www.artebrasilleiloes.com.br,2026-06-10T23:11:37
ampliartleiloes.com.br,Ampliart Leilões,62623,,,http://www.ampliartleiloes.com.br,2026-06-10T23:11:37
arsleiloes.com.br,Graphos Arte - Ars Escritório de Arte,62638,,,http://www.arsleiloes.com.br,2026-06-10T23:11:37
tremdas7.com.br,Robson Gini Leilões - Trem das 7,62518,,,http://www.tremdas7.com.br,2026-06-10T23:11:37
arteprintsleiloes.com.br,Arte Prints Leilões,62392,,,http://www.arteprintsleiloes.com.br,2026-06-10T23:12:29
tbaracajuleiloes.com.br,TB Aracaju Leilões,61045,,,http://www.tbaracajuleiloes.com.br,2026-06-10T23:13:04
