seg,title,bid,maxbid2x,allin,rlo,rhi,netlo,nethi,mlo,st,size,uf,end,estado,url,thumb
sevres,"Cinzeiro em grosso bloco de cristal de Sèvrés, Francês, incolor, image",38.0,324,150,900,2700,687,2361,6.0,0.39,peq/med,RJ,2026-06-22 15:00,junho,https://br.ernanileiloeiro.com.br/peca.asp?Id=29577144,https://d1o6h00a1h5k7q.cloudfront.net/imagens/img_m/56361/29577144.jpg
sevres,"ROYAL EUROPE  PEINTE À LA MAIN. Jarra tipo ânfora em porcelana, decora",260.0,324,383,900,2700,454,2128,2.35,0.39,peq/med,,NaT,sem_data,https://leiloeslemos.com.br/peca.asp?Id=31162617,https://d1o6h00a1h5k7q.cloudfront.net/imagens/img_m/62442/31162617.jpg
brennand,BRENNAND - CONJUNTO DE SEIS XÍCARAS DE CAFÉ EM PORCELANA DOS ANOS 60. ,270.0,328,394,909,2520,452,1950,2.31,0.51,peq/med,RJ,2026-06-18 19:00,junho,https://paulaoantiguidades.com.br/peca.asp?Id=31001243,https://d1o6h00a1h5k7q.cloudfront.net/imagens/img_m/61966/31001243.jpg
sevres,Sèvres - Importante caixa de jóias em porcelana decorada a ouro em alt,900.0,324,1055,900,2700,-218,1456,0.85,0.39,peq/med,RJ,2026-06-18 19:00,junho,https://antiguitati.com.br/peca.asp?Id=31030236,https://d1o6h00a1h5k7q.cloudfront.net/imagens/img_m/62159/31030236.jpg
bronze escult,BRONZE - Escultura em bronze maciço representando gato de corpo alonga,30.0,112,202,576,1710,334,1389,2.86,0.29,medio,RJ,2026-06-16 19:00,junho,https://bruceangeirasleiloeiro.com.br/peca.asp?Id=31203696,https://d1o6h00a1h5k7q.cloudfront.net/imagens/img_m/62664/31203696.jpg
bronze escult,"SEMIRAMIS Escultura em bronze, assinado Semiramis 29. Medidas:13cm x 7",100.0,112,275,576,1710,261,1315,2.09,0.29,medio,,NaT,sem_data,https://prochicleiloes.com.br/peca.asp?Id=31033362,https://d1o6h00a1h5k7q.cloudfront.net/imagens/img_m/62121/31033362.jpg
bronze escult,Escultura em bronze representando bailarina sem assinatura. Altura: 38,150.0,112,328,576,1710,208,1263,1.76,0.29,medio,,NaT,sem_data,https://shoppingdosantiquarios.lel.br/peca.asp?Id=31163820,https://d1o6h00a1h5k7q.cloudfront.net/imagens/img_m/61843/31163820.jpg
escult assinada,Antiga e rara escultura representando cavalo em ceramica vitrificada n,200.0,147,380,648,1719,223,1219,1.71,0.33,medio,RJ,2026-07-09 18:00,julho,https://rrdeco.com.br/peca.asp?Id=31063699,https://d1o6h00a1h5k7q.cloudfront.net/imagens/img_m/62091/31063699.jpg
escult assinada,Antiga e rara escultura em porcelana representando buda com rica polic,200.0,147,380,648,1719,223,1219,1.71,0.33,medio,RJ,2026-07-11 13:00,julho,https://rrdeco.com.br/peca.asp?Id=31064250,https://d1o6h00a1h5k7q.cloudfront.net/imagens/img_m/62091/31064250.jpg
baccarat,"Bela garrafa -licoreira, lapidação ao gosto Baccarat, altura 33cm.",50.0,236,162,716,1440,504,1177,4.41,0.52,peq/med,RJ,2026-06-22 15:00,junho,https://br.ernanileiloeiro.com.br/peca.asp?Id=31142026,https://d1o6h00a1h5k7q.cloudfront.net/imagens/img_m/56361/31142026.jpg
bronze escult,"Antiga escultura e ou cinzeiro em Bronze , representando Sabio. Peca c",250.0,112,432,576,1710,103,1158,1.33,0.29,medio,RJ,2026-07-10 13:00,julho,https://rrdeco.com.br/peca.asp?Id=31063668,https://d1o6h00a1h5k7q.cloudfront.net/imagens/img_m/62091/31063668.jpg
baccarat,MBP05-CONJUNTO DE 6 TAÇAS E CRISTAL (DEMI) TRANSPARENTE LAPIDADO POR F,75.0,236,189,716,1440,478,1150,3.8,0.52,peq/med,ES,2026-06-17 19:00,junho,https://cb-leiloeiro.com.br/peca.asp?Id=31180985,https://d1o6h00a1h5k7q.cloudfront.net/imagens/img_m/61720/31180985.jpg
escult assinada,RR Antiguidades  Antigo porta joias em porcelana com belissimos detalh,280.0,147,464,648,1719,139,1135,1.4,0.33,medio,,NaT,sem_data,https://rrdeco.com.br/peca.asp?Id=30996180,https://d1o6h00a1h5k7q.cloudfront.net/imagens/img_m/62089/30996180.jpg
bronze escult,"Belissima escultura elaborada por design bronze com marmore, medindo 3",290.0,112,474,576,1710,61,1116,1.21,0.29,medio,,NaT,sem_data,https://tallonileiloes.com.br/peca.asp?Id=31196051,https://d1o6h00a1h5k7q.cloudfront.net/imagens/img_m/62687/31196051.jpg
baccarat,"Compoteira em cristal baccarat, transparente lapidado, acompanha prese",170.0,236,288,716,1440,378,1051,2.48,0.52,peq/med,RJ,2026-06-16 19:00,junho,https://rosanavaleleiloes.com.br/peca.asp?Id=29865875,https://d1o6h00a1h5k7q.cloudfront.net/imagens/img_m/60441/29865875.jpg
bronze escult,RR Antiguidades Antiga diferente escultura de origem Egipcia. Peca apa,400.0,112,590,576,1710,-54,1000,0.98,0.29,medio,RJ,2026-07-18 18:00,julho,https://rrdeco.com.br/peca.asp?Id=30176565,https://d1o6h00a1h5k7q.cloudfront.net/imagens/img_m/60187/30176565.jpg
baccarat,PAR DE TAÇAS PARA CHAMPAGNE. BACCARAT MONOGRAMADAS B.I. LINDA LAPIDAÇÃ,280.0,236,404,716,1440,262,935,1.77,0.52,peq/med,,NaT,sem_data,https://wattenleiloes.com.br/peca.asp?Id=31024800,https://d1o6h00a1h5k7q.cloudfront.net/imagens/img_m/62002/31024800.jpg
baccarat,"Cristallerie BACCARAT URALINA - Raro copo em cristal dito ""Uralina"" da",290.0,236,414,716,1440,252,925,1.73,0.52,peq/med,RJ,2026-06-18 19:00,junho,https://antiguitati.com.br/peca.asp?Id=31003533,https://d1o6h00a1h5k7q.cloudfront.net/imagens/img_m/62159/31003533.jpg
baccarat,CINCO TAÇAS PARA VINHO BRANCO. BACCARAT MONOGRAMADAS B.I. LINDA LAPIDA,320.0,236,446,716,1440,220,893,1.61,0.52,peq/med,,NaT,sem_data,https://wattenleiloes.com.br/peca.asp?Id=31024799,https://d1o6h00a1h5k7q.cloudfront.net/imagens/img_m/62002/31024799.jpg
baccarat,"Cristalerie Baccarat - Par de raros copos para vinho do porto, com ape",360.0,236,488,716,1440,178,851,1.47,0.52,peq/med,RJ,2026-06-18 19:00,junho,https://antiguitati.com.br/peca.asp?Id=31003527,https://d1o6h00a1h5k7q.cloudfront.net/imagens/img_m/62159/31003527.jpg
baccarat,BACCARAT - MUG EM CRISTAL MOULLE RUBI E AMBAR COM BELISSIMA DECORAÇÃO ,380.0,236,509,716,1440,157,830,1.41,0.52,peq/med,SP,2026-06-16 20:00,junho,https://oficinacenarioleiloes.com.br/peca.asp?Id=30850756,https://d1o6h00a1h5k7q.cloudfront.net/imagens/img_m/61890/30850756.jpg
capodimonte,"Capodimonte  Saleiro vintage em porcelana italiana, decorado com a mes",160.0,144,278,522,1184,207,823,1.88,0.56,peq/med,,NaT,sem_data,https://leiloeslemos.com.br/peca.asp?Id=31201957,https://d1o6h00a1h5k7q.cloudfront.net/imagens/img_m/62442/31201957.jpg
baccarat,PEQUENA E ELEGANTE GARRAFA DE CRISTAL BACCARAT COM TAMPA ORIGINAL. PER,400.0,236,530,716,1440,136,809,1.35,0.52,peq/med,,NaT,sem_data,https://wattenleiloes.com.br/peca.asp?Id=31024911,https://d1o6h00a1h5k7q.cloudfront.net/imagens/img_m/62002/31024911.jpg
baccarat,BACCARAT - Belíssima e delicada taça alta para vinho em cristal francê,400.0,236,530,716,1440,136,809,1.35,0.52,peq/med,RJ,2026-06-24 19:00,junho,https://anamelloleiloeira.com.br/peca.asp?Id=31132924,https://d1o6h00a1h5k7q.cloudfront.net/imagens/img_m/61897/31132924.jpg
baccarat,DUAS LINDAS MAÇANETAS AO ESTILO FAVO DE MEL. CRISTAL BACCARAT. TONALID,500.0,236,635,716,1440,31,704,1.13,0.52,peq/med,,NaT,sem_data,https://wattenleiloes.com.br/peca.asp?Id=31024916,https://d1o6h00a1h5k7q.cloudfront.net/imagens/img_m/62002/31024916.jpg
baccarat,LOTE COM DUAS MAÇANETAS CRISTAL BACCARAT. UMA FAVO DE MEL TONALIDADE R,500.0,236,635,716,1440,31,704,1.13,0.52,peq/med,,NaT,sem_data,https://wattenleiloes.com.br/peca.asp?Id=31024855,https://d1o6h00a1h5k7q.cloudfront.net/imagens/img_m/62002/31024855.jpg
capodimonte,"Antigo e raro porta joias caixa em porcelana Capodimonte, tampa com be",300.0,144,425,522,1184,60,676,1.23,0.56,peq/med,RJ,2026-07-10 13:00,julho,https://rrdeco.com.br/peca.asp?Id=31063776,https://d1o6h00a1h5k7q.cloudfront.net/imagens/img_m/62091/31063776.jpg
baccarat,GARRAFA BACCARAT MONOGRAMADA B.I. RICA LAPIDAÇÃO. TAMPA ORIGINAL. PERF,550.0,236,688,716,1440,-21,652,1.04,0.52,peq/med,,NaT,sem_data,https://wattenleiloes.com.br/peca.asp?Id=31024798,https://d1o6h00a1h5k7q.cloudfront.net/imagens/img_m/62002/31024798.jpg
baccarat,LINDA GARRAFA BACCARAT. EXPECIONAL LAPIDAÇÃO E TAMPA ORIGINAL. PERFEIT,600.0,236,740,716,1440,-74,599,0.97,0.52,peq/med,,NaT,sem_data,https://wattenleiloes.com.br/peca.asp?Id=31024796,https://d1o6h00a1h5k7q.cloudfront.net/imagens/img_m/62002/31024796.jpg
baccarat,"Antigo e raro pequeno pote, porta comprimidos etc...confeccionado reci",600.0,236,740,716,1440,-74,599,0.97,0.52,peq/med,RJ,2026-07-09 18:00,julho,https://rrdeco.com.br/peca.asp?Id=31063230,https://d1o6h00a1h5k7q.cloudfront.net/imagens/img_m/62091/31063230.jpg
wmf,"Lote de papa migalha, 2 petisqueiras e 1 cremeira em prata 90, sendo a",45.0,118,157,468,792,278,579,2.98,0.47,peq/med,,NaT,sem_data,https://prochicleiloes.com.br/peca.asp?Id=30944433,https://d1o6h00a1h5k7q.cloudfront.net/imagens/img_m/62121/30944433.jpg
prata lei/contr,ANTIGA DEDEIRA DE COLEÇÃO EM PRATA DE LEI. MEDINDO 2 X 1.5 CM,20.0,7,131,234,720,87,539,1.79,0.49,peq/med,RJ,2026-06-18 19:00,junho,https://paulaoantiguidades.com.br/peca.asp?Id=31001272,https://d1o6h00a1h5k7q.cloudfront.net/imagens/img_m/61966/31001272.jpg
prata lei/contr,ANTIGA PEÇA DE TOUCADOR EM PRATA DE LEI CONTRASTADA. CONFORME FOTOS. P,40.0,7,152,234,720,66,518,1.54,0.49,peq/med,RJ,2026-06-18 19:00,junho,https://paulaoantiguidades.com.br/peca.asp?Id=31072908,https://d1o6h00a1h5k7q.cloudfront.net/imagens/img_m/61966/31072908.jpg
prata lei/contr,"PG111-ANTIGO COPINHO DE CRIANÇA (PRATA DE LEI - CONTRASTE 800), APROX.",44.0,7,156,234,720,61,513,1.5,0.49,peq/med,ES,2026-06-17 19:00,junho,https://cb-leiloeiro.com.br/peca.asp?Id=31100666,https://d1o6h00a1h5k7q.cloudfront.net/imagens/img_m/61720/31100666.jpg
prata lei/contr,2 BROCHES PRODUZIDOS EM PRATA DE LEI (FLOR) E METAL PRATEADO ( TESOURA,60.0,7,173,234,720,45,497,1.35,0.49,peq/med,,NaT,sem_data,https://marthapadilhaleiloeira.lel.br/peca.asp?Id=31036149,https://d1o6h00a1h5k7q.cloudfront.net/imagens/img_m/62355/31036149.jpg
baccarat,LINDO PAR DE MAÇANETAS AO ESTILO FAVO DE MEL. CRISTAL BACCARAT. TONALI,700.0,236,845,716,1440,-179,494,0.85,0.52,peq/med,,NaT,sem_data,https://wattenleiloes.com.br/peca.asp?Id=31024820,https://d1o6h00a1h5k7q.cloudfront.net/imagens/img_m/62002/31024820.jpg
baccarat,Baccarat - Raro perfumeiro e sua tampa em opalina de Bacarat finamente,700.0,236,845,716,1440,-179,494,0.85,0.52,peq/med,RJ,2026-06-18 19:00,junho,https://antiguitati.com.br/peca.asp?Id=31026517,https://d1o6h00a1h5k7q.cloudfront.net/imagens/img_m/62159/31026517.jpg
baccarat,LINDO PAR DE MAÇANETAS AO ESTILO FAVO DE MEL. CRISTAL BACCARAT. TONALI,700.0,236,845,716,1440,-179,494,0.85,0.52,peq/med,,NaT,sem_data,https://wattenleiloes.com.br/peca.asp?Id=31024854,https://d1o6h00a1h5k7q.cloudfront.net/imagens/img_m/62002/31024854.jpg
baccarat,LINDO PAR DE MAÇANETAS AO ESTILO FAVO DE MEL. CRISTAL BACCARAT. TONALI,700.0,236,845,716,1440,-179,494,0.85,0.52,peq/med,,NaT,sem_data,https://wattenleiloes.com.br/peca.asp?Id=31024821,https://d1o6h00a1h5k7q.cloudfront.net/imagens/img_m/62002/31024821.jpg
baccarat,LINDO PAR DE MAÇANETAS AO ESTILO FAVO DE MEL. CRISTAL BACCARAT. TONALI,700.0,236,845,716,1440,-179,494,0.85,0.52,peq/med,,NaT,sem_data,https://wattenleiloes.com.br/peca.asp?Id=31024822,https://d1o6h00a1h5k7q.cloudfront.net/imagens/img_m/62002/31024822.jpg
baccarat,LINDO PAR DE MAÇANETAS AO ESTILO FAVO DE MEL. CRISTAL BACCARAT. TONALI,700.0,236,845,716,1440,-179,494,0.85,0.52,peq/med,,NaT,sem_data,https://wattenleiloes.com.br/peca.asp?Id=31024853,https://d1o6h00a1h5k7q.cloudfront.net/imagens/img_m/62002/31024853.jpg
baccarat,"Baccarat - Service de nuit em opalina branca decorada a ouro, composto",700.0,236,845,716,1440,-179,494,0.85,0.52,peq/med,RJ,2026-06-18 19:00,junho,https://antiguitati.com.br/peca.asp?Id=31026535,https://d1o6h00a1h5k7q.cloudfront.net/imagens/img_m/62159/31026535.jpg
prata lei/contr,"Colher decorativa em prata de lei, de elegante composição naturalista,",70.0,7,184,234,720,34,486,1.28,0.49,peq/med,,NaT,sem_data,https://rioarteleiloes.com.br/peca.asp?Id=31107923,https://d1o6h00a1h5k7q.cloudfront.net/imagens/img_m/62093/31107923.jpg
prata lei/contr,"PG98-BELÍSSIMO ABRIDOR DE CORRESPONDÊNCIA EM PRATA 835 (PRATA DE LEI),",75.0,7,189,234,720,29,481,1.24,0.49,peq/med,ES,2026-06-17 19:00,junho,https://cb-leiloeiro.com.br/peca.asp?Id=31100661,https://d1o6h00a1h5k7q.cloudfront.net/imagens/img_m/61720/31100661.jpg
prata lei/contr,"PG99-BELÍSSIMO ABRIDOR DE CORRESPONDÊNCIA COM FIGURA DE ""FONTE COM SER",75.0,7,189,234,720,29,481,1.24,0.49,peq/med,ES,2026-06-17 19:00,junho,https://cb-leiloeiro.com.br/peca.asp?Id=31100659,https://d1o6h00a1h5k7q.cloudfront.net/imagens/img_m/61720/31100659.jpg
prata lei/contr,Sofisticado conjunto composto por prato para bolo e 4 pratos sobremesa,80.0,7,194,234,720,24,476,1.21,0.49,peq/med,RJ,2026-06-15 15:00,junho,https://mbantiguidades.com.br/peca.asp?Id=31190337,https://d1o6h00a1h5k7q.cloudfront.net/imagens/img_m/62380/31190337.jpg
prata lei/contr,Par de abotuaduras em prata 925 quadrado com centro de pedras brancas,80.0,7,194,234,720,24,476,1.21,0.49,peq/med,RJ,2026-06-15 19:00,junho,https://tamiriscarvalholeiloeira.com.br/peca.asp?Id=30253097,https://d1o6h00a1h5k7q.cloudfront.net/imagens/img_m/61656/30253097.jpg
prata lei/contr,LM76-COPINHO EM PRATA DE LEI (CONTRASTE 833); APROX. 6cm X 8cm E PESO ,85.0,7,199,234,720,18,470,1.17,0.49,peq/med,ES,2026-06-17 19:00,junho,https://cb-leiloeiro.com.br/peca.asp?Id=31108405,https://d1o6h00a1h5k7q.cloudfront.net/imagens/img_m/61720/31108405.jpg
prata lei/contr,PRATA DE LEI - ANTIGO CORDÃO EM PRATA DE LEI TEOR 925 MLS. PESO TOTAL ,90.0,7,204,234,720,13,465,1.14,0.49,peq/med,RJ,2026-06-18 19:00,junho,https://paulaoantiguidades.com.br/peca.asp?Id=31088649,https://d1o6h00a1h5k7q.cloudfront.net/imagens/img_m/61966/31088649.jpg
prata lei/contr,"LM77-MINI TACHO EM PRATA DE LEI (CONTRASTE ""PER-WELSOM 925""), APROX. 1",98.0,7,213,234,720,5,457,1.1,0.49,peq/med,ES,2026-06-17 19:00,junho,https://cb-leiloeiro.com.br/peca.asp?Id=31108407,https://d1o6h00a1h5k7q.cloudfront.net/imagens/img_m/61720/31108407.jpg
prata lei/contr,"LM75-MINI BANDEJA COM FORMATO REDONDO, EM PRATA DE LEI, TROFÉU DE GOLF",105.0,7,220,234,720,-3,449,1.06,0.49,peq/med,ES,2026-06-17 19:00,junho,https://cb-leiloeiro.com.br/peca.asp?Id=31108401,https://d1o6h00a1h5k7q.cloudfront.net/imagens/img_m/61720/31108401.jpg
prata lei/contr,"LM74-MINI BANDEJA COM FORMATO REDONDO, EM PRATA DE LEI, TROFÉU DE GOLF",105.0,7,220,234,720,-3,449,1.06,0.49,peq/med,ES,2026-06-17 19:00,junho,https://cb-leiloeiro.com.br/peca.asp?Id=31108399,https://d1o6h00a1h5k7q.cloudfront.net/imagens/img_m/61720/31108399.jpg
opalina,Antiga travessa em porcelana opalina Colorex. As fotos fazem parte da ,30.0,24,142,270,630,110,444,1.91,0.48,peq/med,,NaT,sem_data,https://miltrekosleiloes.com.br/peca.asp?Id=31134917,https://d1o6h00a1h5k7q.cloudfront.net/imagens/img_m/62586/31134917.jpg
opalina,Antiga tigela em porcelana opalina Colorex. As fotos fazem parte da de,30.0,24,142,270,630,110,444,1.91,0.48,peq/med,,NaT,sem_data,https://miltrekosleiloes.com.br/peca.asp?Id=31134919,https://d1o6h00a1h5k7q.cloudfront.net/imagens/img_m/62586/31134919.jpg
opalina,"VIDRO, uma (1) cúpula dita cogumelo, confeccionado em vidro opalinado ",30.0,24,142,270,630,110,444,1.91,0.48,peq/med,,NaT,sem_data,https://jotamleiloes.com.br/peca.asp?Id=30909257,https://d1o6h00a1h5k7q.cloudfront.net/imagens/img_m/61324/30909257.jpg
opalina,"Antiga travessa em porcelana opalina Colorex Triguinho, mede 36 x 26 c",30.0,24,142,270,630,110,444,1.91,0.48,peq/med,,NaT,sem_data,https://miltrekosleiloes.com.br/peca.asp?Id=31134915,https://d1o6h00a1h5k7q.cloudfront.net/imagens/img_m/62586/31134915.jpg
opalina,Antiga xicara e pires em porcelana opalina Colorex. As fotos fazem par,30.0,24,142,270,630,110,444,1.91,0.48,peq/med,,NaT,sem_data,https://miltrekosleiloes.com.br/peca.asp?Id=31134922,https://d1o6h00a1h5k7q.cloudfront.net/imagens/img_m/62586/31134922.jpg
opalina,Antiga xicara em porcelana opalina Colorex Triguinho. As fotos fazem p,30.0,24,142,270,630,110,444,1.91,0.48,peq/med,,NaT,sem_data,https://miltrekosleiloes.com.br/peca.asp?Id=31134923,https://d1o6h00a1h5k7q.cloudfront.net/imagens/img_m/62586/31134923.jpg
opalina,Par de antigas xicaras em porcelana opalina Colorex Triguinho. As foto,30.0,24,142,270,630,110,444,1.91,0.48,peq/med,,NaT,sem_data,https://miltrekosleiloes.com.br/peca.asp?Id=31134916,https://d1o6h00a1h5k7q.cloudfront.net/imagens/img_m/62586/31134916.jpg
opalina,"Antiga tigela em porcelana opalina Colorex, mede 18 cm de diâmetro por",30.0,24,142,270,630,110,444,1.91,0.48,peq/med,,NaT,sem_data,https://miltrekosleiloes.com.br/peca.asp?Id=31134920,https://d1o6h00a1h5k7q.cloudfront.net/imagens/img_m/62586/31134920.jpg
opalina,Antiga tigela em porcelana opalina Colorex. As fotos fazem parte da de,30.0,24,142,270,630,110,444,1.91,0.48,peq/med,,NaT,sem_data,https://miltrekosleiloes.com.br/peca.asp?Id=31134918,https://d1o6h00a1h5k7q.cloudfront.net/imagens/img_m/62586/31134918.jpg
opalina,Antigo prato em porcelana opalina Colorex. As fotos fazem parte da des,30.0,24,142,270,630,110,444,1.91,0.48,peq/med,,NaT,sem_data,https://miltrekosleiloes.com.br/peca.asp?Id=31134926,https://d1o6h00a1h5k7q.cloudfront.net/imagens/img_m/62586/31134926.jpg
prata lei/contr,"ANTIGO TERÇO CONFECCIONADO EM PRATA DE LEI, MEDINDO 37CM.",120.0,7,236,234,720,-18,434,0.99,0.49,peq/med,,NaT,sem_data,https://marthapadilhaleiloeira.lel.br/peca.asp?Id=31036124,https://d1o6h00a1h5k7q.cloudfront.net/imagens/img_m/62355/31036124.jpg
opalina,Par de antigas xicaras em porcelana opalina Colorex. As fotos fazem pa,40.0,24,152,270,630,99,434,1.78,0.48,peq/med,,NaT,sem_data,https://miltrekosleiloes.com.br/peca.asp?Id=31134921,https://d1o6h00a1h5k7q.cloudfront.net/imagens/img_m/62586/31134921.jpg
opalina,"Antiga travessa em porcelana opalina Colorex Triguinho, mede 36 x 26 c",40.0,24,152,270,630,99,434,1.78,0.48,peq/med,,NaT,sem_data,https://miltrekosleiloes.com.br/peca.asp?Id=31134914,https://d1o6h00a1h5k7q.cloudfront.net/imagens/img_m/62586/31134914.jpg
prata lei/contr,"Colher de chá em prata portuguesa contraste P coroado, séc. XIX, peso ",120.0,7,236,234,720,-18,434,0.99,0.49,peq/med,RJ,2026-06-19 19:00,junho,https://antiguitati.com.br/peca.asp?Id=31130918,https://d1o6h00a1h5k7q.cloudfront.net/imagens/img_m/62159/31130918.jpg
prata lei/contr,SÉC XIX/XX- Bela lapiseira de PRATA PORTUGUESA COM CONTRASTE DE OURIVE,120.0,7,236,234,720,-18,434,0.99,0.49,peq/med,,NaT,sem_data,https://estiloantigoleiloes.com.br/peca.asp?Id=30967313,https://d1o6h00a1h5k7q.cloudfront.net/imagens/img_m/62163/30967313.jpg
opalina,Prato de bolo e travessa oval em vidro opalinado Colorex creme com bor,50.0,24,162,270,630,89,423,1.66,0.48,peq/med,,NaT,sem_data,https://prochicleiloes.com.br/peca.asp?Id=31146810,https://d1o6h00a1h5k7q.cloudfront.net/imagens/img_m/62404/31146810.jpg
opalina,Lote de prato de bolo e travessa oval em vidro opalinado Colorex creme,50.0,24,162,270,630,89,423,1.66,0.48,peq/med,,NaT,sem_data,https://prochicleiloes.com.br/peca.asp?Id=31146851,https://d1o6h00a1h5k7q.cloudfront.net/imagens/img_m/62404/31146851.jpg
opalina,Lote de 2 travessas ovais em vidro opalinado Colorex creme com borda g,50.0,24,162,270,630,89,423,1.66,0.48,peq/med,,NaT,sem_data,https://prochicleiloes.com.br/peca.asp?Id=31147174,https://d1o6h00a1h5k7q.cloudfront.net/imagens/img_m/62404/31147174.jpg
opalina,Lote de 2 cúpulas bola em vidro opalinado. Medindo a maior 8cm de boca,55.0,24,168,270,630,83,418,1.61,0.48,peq/med,,NaT,sem_data,https://prochicleiloes.com.br/peca.asp?Id=30971227,https://d1o6h00a1h5k7q.cloudfront.net/imagens/img_m/62060/30971227.jpg
prata lei/contr,RR AntiguidadesCordao em prata de lei trabalhada. Peca em prata pura t,135.0,7,252,234,720,-34,418,0.93,0.49,peq/med,RJ,2026-07-10 13:00,julho,https://rrdeco.com.br/peca.asp?Id=31063552,https://d1o6h00a1h5k7q.cloudfront.net/imagens/img_m/62091/31063552.jpg
opalina,Lindo prato de bolo em vidro opalinado com relevos na borda. Medindo 3,55.0,24,168,270,630,83,418,1.61,0.48,peq/med,,NaT,sem_data,https://prochicleiloes.com.br/peca.asp?Id=30970976,https://d1o6h00a1h5k7q.cloudfront.net/imagens/img_m/62060/30970976.jpg
prata lei/contr,ANTIGA BOLSA EM MALHA DE PRATA DE LEI. CONFORME FOTOS. PESANDO 60 GRAM,140.0,7,257,234,720,-39,413,0.91,0.49,peq/med,RJ,2026-06-18 19:00,junho,https://paulaoantiguidades.com.br/peca.asp?Id=31072921,https://d1o6h00a1h5k7q.cloudfront.net/imagens/img_m/61966/31072921.jpg
prata lei/contr,RR Antiguidades Antigo e rara colher comemorativa em prata de lei. Pec,140.0,7,257,234,720,-39,413,0.91,0.49,peq/med,RJ,2026-07-16 15:00,julho,https://rrdeco.com.br/peca.asp?Id=30176378,https://d1o6h00a1h5k7q.cloudfront.net/imagens/img_m/60187/30176378.jpg
prata lei/contr,RR AntiguidadesCordao em prata de lei trabalhada. Peca em prata pura t,140.0,7,257,234,720,-39,413,0.91,0.49,peq/med,RJ,2026-07-09 18:00,julho,https://rrdeco.com.br/peca.asp?Id=31063417,https://d1o6h00a1h5k7q.cloudfront.net/imagens/img_m/62091/31063417.jpg
prata lei/contr,"Colher em prata 925, contrastada, apresentando lâmina em formato foliá",160.0,7,278,234,720,-60,392,0.84,0.49,peq/med,,NaT,sem_data,https://rioarteleiloes.com.br/peca.asp?Id=31107980,https://d1o6h00a1h5k7q.cloudfront.net/imagens/img_m/62093/31107980.jpg
baccarat,"Vaso de cristal baccarat azul, lapidação dedão. Mede: 9 cm de diâmetro",800.0,236,950,716,1440,-284,389,0.75,0.52,peq/med,,NaT,sem_data,https://casaamarelaleiloes.net.br/peca.asp?Id=30875866,https://d1o6h00a1h5k7q.cloudfront.net/imagens/img_m/61976/30875866.jpg
prata lei/contr,"OURIVERSARIA GAÚCHA, uma (1) bomba para chimarrão confeccionado em PRA",180.0,7,299,234,720,-81,371,0.78,0.49,peq/med,,NaT,sem_data,https://jotamleiloes.com.br/peca.asp?Id=31024186,https://d1o6h00a1h5k7q.cloudfront.net/imagens/img_m/61324/31024186.jpg
opalina,"VIDRO ARCOPAL FRANCE - Doze xícaras para café com onze  pires, confecc",100.0,24,215,270,630,36,371,1.26,0.48,peq/med,,NaT,sem_data,https://leilaomirianneto.com.br/peca.asp?Id=31036531,https://d1o6h00a1h5k7q.cloudfront.net/imagens/img_m/61571/31036531.jpg
opalina,"Caixa com tampa em opalina azul, guarnição em bronze dourado, tampa co",100.0,24,215,270,630,36,371,1.26,0.48,peq/med,RJ,2026-06-18 19:00,junho,https://antiguitati.com.br/peca.asp?Id=31026525,https://d1o6h00a1h5k7q.cloudfront.net/imagens/img_m/62159/31026525.jpg
prata lei/contr,RR Antiguidades Antigo e rara colher comemorativa em prata de lei. Pec,180.0,7,299,234,720,-81,371,0.78,0.49,peq/med,RJ,2026-07-16 15:00,julho,https://rrdeco.com.br/peca.asp?Id=30176363,https://d1o6h00a1h5k7q.cloudfront.net/imagens/img_m/60187/30176363.jpg
prata lei/contr,RR Antiguidades Antigo e rara colher comemorativa em prata de lei. Pec,180.0,7,299,234,720,-81,371,0.78,0.49,peq/med,RJ,2026-07-18 18:00,julho,https://rrdeco.com.br/peca.asp?Id=30176913,https://d1o6h00a1h5k7q.cloudfront.net/imagens/img_m/60187/30176913.jpg
prata lei/contr,"ANTIGO TERÇO PRODUZIDO EM PRATA DE LEI, MEDINDO 45CM.",180.0,7,299,234,720,-81,371,0.78,0.49,peq/med,,NaT,sem_data,https://marthapadilhaleiloeira.lel.br/peca.asp?Id=31036123,https://d1o6h00a1h5k7q.cloudfront.net/imagens/img_m/62355/31036123.jpg
prata lei/contr,RR Antiguidades Antigo e rara colher comemorativa em prata de lei. Pec,190.0,7,310,234,720,-92,360,0.76,0.49,peq/med,RJ,2026-07-16 15:00,julho,https://rrdeco.com.br/peca.asp?Id=30177295,https://d1o6h00a1h5k7q.cloudfront.net/imagens/img_m/60187/30177295.jpg
prata lei/contr,Cordão em prata 925 com trabalho geometrico e pedras / Tam: 40cm/ Peso,190.0,7,310,234,720,-92,360,0.76,0.49,peq/med,RJ,2026-06-15 19:00,junho,https://tamiriscarvalholeiloeira.com.br/peca.asp?Id=30254223,https://d1o6h00a1h5k7q.cloudfront.net/imagens/img_m/61656/30254223.jpg
prata lei/contr,RR Antiguidades Antigo e rara colher comemorativa em prata de lei. Pec,200.0,7,320,234,720,-102,350,0.73,0.49,peq/med,RJ,2026-07-18 18:00,julho,https://rrdeco.com.br/peca.asp?Id=30176850,https://d1o6h00a1h5k7q.cloudfront.net/imagens/img_m/60187/30176850.jpg
prata lei/contr,"PRATA DE LEI, par (2) de fivelas de sapato confeccionadas em PRATA DE ",200.0,7,320,234,720,-102,350,0.73,0.49,peq/med,,NaT,sem_data,https://jotamleiloes.com.br/peca.asp?Id=31024164,https://d1o6h00a1h5k7q.cloudfront.net/imagens/img_m/61324/31024164.jpg
prata lei/contr,RR Antiguidades Antigo e rara colher comemorativa em prata de lei. Pec,200.0,7,320,234,720,-102,350,0.73,0.49,peq/med,RJ,2026-07-16 15:00,julho,https://rrdeco.com.br/peca.asp?Id=30176346,https://d1o6h00a1h5k7q.cloudfront.net/imagens/img_m/60187/30176346.jpg
prata lei/contr,RR Antiguidades Antigo e rara colher comemorativa em prata de lei. Pec,200.0,7,320,234,720,-102,350,0.73,0.49,peq/med,RJ,2026-07-16 15:00,julho,https://rrdeco.com.br/peca.asp?Id=30176620,https://d1o6h00a1h5k7q.cloudfront.net/imagens/img_m/60187/30176620.jpg
prata lei/contr,"Par de pequenos cinzeiros de prata de lei contrastada, borda recortada",200.0,7,320,234,720,-102,350,0.73,0.49,peq/med,,NaT,sem_data,https://casaamarelaleiloes.net.br/peca.asp?Id=31202998,https://d1o6h00a1h5k7q.cloudfront.net/imagens/img_m/62495/31202998.jpg
prata lei/contr,RR Antiguidades Antigo e rara colher comemorativa em prata de lei. Pec,200.0,7,320,234,720,-102,350,0.73,0.49,peq/med,RJ,2026-07-16 15:00,julho,https://rrdeco.com.br/peca.asp?Id=30176260,https://d1o6h00a1h5k7q.cloudfront.net/imagens/img_m/60187/30176260.jpg
opalina,Lustre de bronze com cupúla de vidro opalinado róseo - comp. 85cm (tot,70.0,0,244,270,630,8,342,1.11,0.48,medio,RS,2026-06-18 14:00,junho,https://danielchaiebleiloeiro.com.br/peca.asp?Id=31098946,https://d1o6h00a1h5k7q.cloudfront.net/imagens/img_m/62501/31098946.jpg
vista alegre,"'Vista Alegre'. Porcelana branca: dois bowls (13,5x4cm.) e três pequen",12.0,15,123,252,488,112,331,2.06,0.65,peq/med,RJ,2026-06-23 15:00,junho,https://br.ernanileiloeiro.com.br/peca.asp?Id=29409195,https://d1o6h00a1h5k7q.cloudfront.net/imagens/img_m/56361/29409195.jpg
vista alegre,"Vista Alegre  Portugal  Viva  Castiçal, em porcelana branca, detalhes ",15.0,15,126,252,488,109,328,2.0,0.65,peq/med,RJ,2026-06-23 15:00,junho,https://br.ernanileiloeiro.com.br/peca.asp?Id=29205823,https://d1o6h00a1h5k7q.cloudfront.net/imagens/img_m/56361/29205823.jpg
vista alegre,Vaso  jarra  porcelana branca  Vista Alegre Coral  15X10X8.,15.0,15,126,252,488,109,328,2.0,0.65,peq/med,RJ,2026-06-23 15:00,junho,https://br.ernanileiloeiro.com.br/peca.asp?Id=29205816,https://d1o6h00a1h5k7q.cloudfront.net/imagens/img_m/56361/29205816.jpg
vista alegre,"Duas xícaras com pires em porcelana portuguesa, sendo uma de Coimbra e",20.0,15,131,252,488,103,323,1.92,0.65,peq/med,,NaT,sem_data,https://shoppingdosantiquarios.lel.br/peca.asp?Id=31050812,https://d1o6h00a1h5k7q.cloudfront.net/imagens/img_m/61843/31050812.jpg
limoges,Duas xícaras de café em porcelana francesa Limoges.,20.0,15,131,252,486,103,321,1.92,0.58,peq/med,,NaT,sem_data,https://shoppingdosantiquarios.lel.br/peca.asp?Id=31050862,https://d1o6h00a1h5k7q.cloudfront.net/imagens/img_m/61843/31050862.jpg
limoges,"Lote c/ 3 miniaturas de medalhões em porcelana, nos formatos: redondo ",20.0,15,131,252,486,103,321,1.92,0.58,peq/med,SP,2026-07-18 19:00,julho,https://casanostraleiloes.com.br/peca.asp?Id=30970681,https://d1o6h00a1h5k7q.cloudfront.net/imagens/img_m/57034/30970681.jpg
prata lei/contr,"RR Antiguidades Antigo e raro Instrumento de Manicure, Lamina com cabo",230.0,7,352,234,720,-134,318,0.67,0.49,peq/med,RJ,2026-07-17 18:00,julho,https://rrdeco.com.br/peca.asp?Id=30176962,https://d1o6h00a1h5k7q.cloudfront.net/imagens/img_m/60187/30176962.jpg
prata lei/contr,RR Antiguidades Antigo e raro Estilete com cabo confeccionado em prata,230.0,7,352,234,720,-134,318,0.67,0.49,peq/med,RJ,2026-07-17 18:00,julho,https://rrdeco.com.br/peca.asp?Id=30176971,https://d1o6h00a1h5k7q.cloudfront.net/imagens/img_m/60187/30176971.jpg
prata lei/contr,RR AntiguidadesCordao em prata de lei trabalhada. Peca em prata pura t,230.0,7,352,234,720,-134,318,0.67,0.49,peq/med,RJ,2026-07-11 13:00,julho,https://rrdeco.com.br/peca.asp?Id=31063049,https://d1o6h00a1h5k7q.cloudfront.net/imagens/img_m/62091/31063049.jpg
opalina,"DÉCADA DE 50- Elegante Solifleur de MURANO ITALIANO, azul cobalto, int",150.0,24,268,270,630,-16,318,1.01,0.48,peq/med,,NaT,sem_data,https://estiloantigoleiloes.com.br/peca.asp?Id=30966705,https://d1o6h00a1h5k7q.cloudfront.net/imagens/img_m/62163/30966705.jpg
limoges,LIMOGES - Manteigueira / porta chá em porcelana francesa. Em ótimo est,25.0,15,136,252,486,98,316,1.85,0.58,peq/med,RJ,2026-06-17 19:00,junho,https://anamelloleiloeira.com.br/peca.asp?Id=30103178,https://d1o6h00a1h5k7q.cloudfront.net/imagens/img_m/60770/30103178.jpg
vista alegre,ANTIGO PRATO DE COLEÇÃO EM PORCELANA PORTUGUESA VISTA ALEGRE. DECORAÇÃ,30.0,15,142,252,488,93,312,1.78,0.65,peq/med,RJ,2026-06-18 19:00,junho,https://paulaoantiguidades.com.br/peca.asp?Id=31103985,https://d1o6h00a1h5k7q.cloudfront.net/imagens/img_m/61966/31103985.jpg
limoges,"Dois pratos de porcelana, sendo um inglês e outro francês de Limoges. ",30.0,15,142,252,486,93,310,1.78,0.58,peq/med,,NaT,sem_data,https://shoppingdosantiquarios.lel.br/peca.asp?Id=31051357,https://d1o6h00a1h5k7q.cloudfront.net/imagens/img_m/61843/31051357.jpg
prata lei/contr,RR Antiguidades  Antigo porta joias em porcelana com belissimos detalh,240.0,7,362,234,720,-144,308,0.65,0.49,peq/med,,NaT,sem_data,https://rrdeco.com.br/peca.asp?Id=30996161,https://d1o6h00a1h5k7q.cloudfront.net/imagens/img_m/62089/30996161.jpg
prata lei/contr,Ane em prata 925 masculino com Orixa no centro OGUM / Aro: 24 / Peso: ,250.0,7,372,234,720,-155,297,0.63,0.49,peq/med,RJ,2026-06-15 19:00,junho,https://tamiriscarvalholeiloeira.com.br/peca.asp?Id=30252927,https://d1o6h00a1h5k7q.cloudfront.net/imagens/img_m/61656/30252927.jpg
opalina,"TERMO-REY, três (3) tigelas confeccionados em vidro opalinado na tonal",172.0,24,291,270,630,-40,295,0.93,0.48,peq/med,,NaT,sem_data,https://jotamleiloes.com.br/peca.asp?Id=31076184,https://d1o6h00a1h5k7q.cloudfront.net/imagens/img_m/61324/31076184.jpg
vista alegre,"VISTA ALEGRE- PERIODO ART DÉCO- Trio para chá de coleção, cerca de 192",50.0,15,162,252,488,72,291,1.55,0.65,peq/med,,NaT,sem_data,https://estiloantigoleiloes.com.br/peca.asp?Id=30967303,https://d1o6h00a1h5k7q.cloudfront.net/imagens/img_m/62163/30967303.jpg
vista alegre,"VISTA ALEGRE- PERIODO ART DÉCO- Trio para chá de coleção, cerca de 192",50.0,15,162,252,488,72,291,1.55,0.65,peq/med,,NaT,sem_data,https://estiloantigoleiloes.com.br/peca.asp?Id=30970538,https://d1o6h00a1h5k7q.cloudfront.net/imagens/img_m/62163/30970538.jpg
vista alegre,"VISTA ALEGRE- PERIODO ART DÉCO- Trio para chá de coleção, cerca de 192",50.0,15,162,252,488,72,291,1.55,0.65,peq/med,,NaT,sem_data,https://estiloantigoleiloes.com.br/peca.asp?Id=30967308,https://d1o6h00a1h5k7q.cloudfront.net/imagens/img_m/62163/30967308.jpg
prata lei/contr,"Porta-caixa de fósforos em prata esterlina inglesa (.925), de linhas s",260.0,7,383,234,720,-165,287,0.61,0.49,peq/med,,NaT,sem_data,https://rioarteleiloes.com.br/peca.asp?Id=31107283,https://d1o6h00a1h5k7q.cloudfront.net/imagens/img_m/62093/31107283.jpg
prata lei/contr,RR Antiguidades Antigo e raro abotoador de sapatos com cabo confeccion,270.0,7,394,234,720,-176,276,0.59,0.49,peq/med,RJ,2026-07-16 15:00,julho,https://rrdeco.com.br/peca.asp?Id=30176891,https://d1o6h00a1h5k7q.cloudfront.net/imagens/img_m/60187/30176891.jpg
vista alegre,ANTIGA PETISQUEIRA DE COLEÇÃO EM PORCELANA PORTUGUESA VISTA ALEGRE PAD,70.0,15,184,252,488,51,270,1.37,0.65,peq/med,RJ,2026-06-18 19:00,junho,https://paulaoantiguidades.com.br/peca.asp?Id=31104001,https://d1o6h00a1h5k7q.cloudfront.net/imagens/img_m/61966/31104001.jpg
prata lei/contr,ESCULTURA EM PRATA DE LEI TEOR 925 MLS REPRESENTANDO UM VIOLNISTA DO E,220.0,0,401,234,720,-183,269,0.58,0.49,medio,RJ,2026-06-18 19:00,junho,https://paulaoantiguidades.com.br/peca.asp?Id=31103867,https://d1o6h00a1h5k7q.cloudfront.net/imagens/img_m/61966/31103867.jpg
limoges,Prato em porcelana da manufatura Limoges com ouro na borda. Diâmetro: ,70.0,15,184,252,486,51,268,1.37,0.58,peq/med,,NaT,sem_data,https://shoppingdosantiquarios.lel.br/peca.asp?Id=30571047,https://d1o6h00a1h5k7q.cloudfront.net/imagens/img_m/61843/30571047.jpg
prata lei/contr,RR Antiguidades Antiga colher comemorativa confeccionada em prata de l,280.0,7,404,234,720,-186,266,0.58,0.49,peq/med,RJ,2026-07-17 18:00,julho,https://rrdeco.com.br/peca.asp?Id=30176385,https://d1o6h00a1h5k7q.cloudfront.net/imagens/img_m/60187/30176385.jpg
limoges,"Limoges: Pequenino prato, decorativo, em porcelana francesa. Ao centro",72.0,15,186,252,486,49,266,1.36,0.58,peq/med,RJ,2026-06-23 15:00,junho,https://br.ernanileiloeiro.com.br/peca.asp?Id=29423251,https://d1o6h00a1h5k7q.cloudfront.net/imagens/img_m/56361/29423251.jpg
rosenthal,Rosenthal Madeline da década de 1930 -  porcelana Alemão Rosenthal é u,98.0,24,213,270,504,38,256,1.27,0.55,peq/med,RS,2026-06-18 14:00,junho,https://ciclosleiloes.com.br/peca.asp?Id=31112678,https://d1o6h00a1h5k7q.cloudfront.net/imagens/img_m/61115/31112678.jpg
prata lei/contr,RR Antiguidades Antigo raro prato decorativo confeccionado em porcelan,290.0,7,414,234,720,-197,255,0.56,0.49,peq/med,RJ,2026-07-17 18:00,julho,https://rrdeco.com.br/peca.asp?Id=30176680,https://d1o6h00a1h5k7q.cloudfront.net/imagens/img_m/60187/30176680.jpg
rosenthal,"Rosenthal Germany - Oveiro em porcelana no padrão ""Pine Needles"", base",100.0,24,215,270,504,36,254,1.26,0.55,peq/med,RJ,2026-06-18 19:00,junho,https://antiguitati.com.br/peca.asp?Id=31028049,https://d1o6h00a1h5k7q.cloudfront.net/imagens/img_m/62159/31028049.jpg
wmf,"WMF - Vaso Jungendstil, em cristal transparente e lapidado, com boca e",360.0,118,488,468,792,-53,249,0.96,0.47,peq/med,RJ,2026-06-16 19:00,junho,https://rosanavaleleiloes.com.br/peca.asp?Id=30188755,https://d1o6h00a1h5k7q.cloudfront.net/imagens/img_m/60441/30188755.jpg
limoges,"Limoges  Joieiro em porcelana francesa pintada à mão, com delicada dec",90.0,15,204,252,486,30,247,1.23,0.58,peq/med,,NaT,sem_data,https://leiloeslemos.com.br/peca.asp?Id=31198829,https://d1o6h00a1h5k7q.cloudfront.net/imagens/img_m/62442/31198829.jpg
prata lei/contr,"Cordão em prata 925 masculino / tam: 58cm / Peso: 16,8grs",298.0,7,423,234,720,-205,247,0.55,0.49,peq/med,RJ,2026-06-15 19:00,junho,https://tamiriscarvalholeiloeira.com.br/peca.asp?Id=30252177,https://d1o6h00a1h5k7q.cloudfront.net/imagens/img_m/61656/30252177.jpg
vista alegre,"'Vista Alegre' : Xícara  de chá e pires, em porcelana  portuguesa. Dec",92.0,15,207,252,488,28,247,1.22,0.65,peq/med,RJ,2026-06-23 15:00,junho,https://br.ernanileiloeiro.com.br/peca.asp?Id=29393361,https://d1o6h00a1h5k7q.cloudfront.net/imagens/img_m/56361/29393361.jpg
prata lei/contr,RR Antiguidades Antiga pequena Salva em prata de lei Portuguesa beliss,300.0,7,425,234,720,-207,245,0.55,0.49,peq/med,RJ,2026-07-16 15:00,julho,https://rrdeco.com.br/peca.asp?Id=30176864,https://d1o6h00a1h5k7q.cloudfront.net/imagens/img_m/60187/30176864.jpg
prata lei/contr,RR Antiguidades Antiga pequena Salva em prata de lei Portuguesa beliss,300.0,7,425,234,720,-207,245,0.55,0.49,peq/med,RJ,2026-07-18 18:00,julho,https://rrdeco.com.br/peca.asp?Id=30176483,https://d1o6h00a1h5k7q.cloudfront.net/imagens/img_m/60187/30176483.jpg
prata lei/contr,RR Antiguidades Antiga pequena Salva em prata de lei Portuguesa beliss,300.0,7,425,234,720,-207,245,0.55,0.49,peq/med,RJ,2026-07-17 18:00,julho,https://rrdeco.com.br/peca.asp?Id=30176736,https://d1o6h00a1h5k7q.cloudfront.net/imagens/img_m/60187/30176736.jpg
prata lei/contr,RR Antiguidades Antiga pequena Salva em prata de lei Portuguesa beliss,300.0,7,425,234,720,-207,245,0.55,0.49,peq/med,RJ,2026-07-18 18:00,julho,https://rrdeco.com.br/peca.asp?Id=30176322,https://d1o6h00a1h5k7q.cloudfront.net/imagens/img_m/60187/30176322.jpg
vista alegre,"Lote composto de três xícaras para chá, e seus pires, em porcelana esm",100.0,15,215,252,488,19,239,1.17,0.65,peq/med,SP,2026-06-18 20:00,junho,https://vmescritarteleiloes.com.br/peca.asp?Id=31093299,https://d1o6h00a1h5k7q.cloudfront.net/imagens/img_m/62422/31093299.jpg
limoges,"Linda violeteira em porcelana francesa Limoges de 18x7 cm, com estampa",100.0,15,215,252,486,19,237,1.17,0.58,peq/med,RS,2026-06-22 19:00,junho,https://santayana.com.br/peca.asp?Id=31214720,https://d1o6h00a1h5k7q.cloudfront.net/imagens/img_m/62339/31214720.jpg
candelabro,"Lote de castiçal em porcelana, castiçal, vaso e enfeite em demicristal",40.0,0,152,162,414,-1,233,1.07,0.47,peq/med,,NaT,sem_data,https://prochicleiloes.com.br/peca.asp?Id=30944578,https://d1o6h00a1h5k7q.cloudfront.net/imagens/img_m/62121/30944578.jpg
rosenthal,Rosenthal Selb-Germany Helena. Xícara de café com pires e prato de bol,120.0,24,236,270,504,15,233,1.14,0.55,peq/med,,NaT,sem_data,https://leiloeslemos.com.br/peca.asp?Id=31160863,https://d1o6h00a1h5k7q.cloudfront.net/imagens/img_m/62442/31160863.jpg
candelabro,"Lote de vaso solifleur em porcelana, cinzeiro em vidro e castiçal em m",45.0,0,157,162,414,-7,228,1.03,0.47,peq/med,,NaT,sem_data,https://prochicleiloes.com.br/peca.asp?Id=31033028,https://d1o6h00a1h5k7q.cloudfront.net/imagens/img_m/62121/31033028.jpg
prata lei/contr,RR AntiguidadesCordao em prata de lei trabalhada. Peca em prata pura t,320.0,7,446,234,720,-228,224,0.52,0.49,peq/med,RJ,2026-07-09 18:00,julho,https://rrdeco.com.br/peca.asp?Id=31063569,https://d1o6h00a1h5k7q.cloudfront.net/imagens/img_m/62091/31063569.jpg
prata lei/contr,Lote de faca de fruta e abre cartas com pega em prata de lei. Medidas:,320.0,7,446,234,720,-228,224,0.52,0.49,peq/med,,NaT,sem_data,https://prochicleiloes.com.br/peca.asp?Id=30971079,https://d1o6h00a1h5k7q.cloudfront.net/imagens/img_m/62060/30971079.jpg
vista alegre,VISTA ALEGRE - CONJUNTO DE SEIS XÍCARAS DE CHÁ COM PIRES EM PORCELANA ,120.0,15,236,252,488,-2,218,1.07,0.65,peq/med,RJ,2026-06-18 19:00,junho,https://paulaoantiguidades.com.br/peca.asp?Id=30884068,https://d1o6h00a1h5k7q.cloudfront.net/imagens/img_m/61966/30884068.jpg
limoges,RR Antiguidades  Antigo pequeno prato decorativo em porcelana Francesa,120.0,15,236,252,486,-2,216,1.07,0.58,peq/med,RJ,2026-07-09 18:00,julho,https://rrdeco.com.br/peca.asp?Id=31063575,https://d1o6h00a1h5k7q.cloudfront.net/imagens/img_m/62091/31063575.jpg
opalina,Excepcional caixa em opalina azul finamente decorada com flores em pol,250.0,24,372,270,630,-121,213,0.72,0.48,peq/med,RJ,2026-06-18 19:00,junho,https://antiguitati.com.br/peca.asp?Id=31026529,https://d1o6h00a1h5k7q.cloudfront.net/imagens/img_m/62159/31026529.jpg
candelabro,"Lote de vaso floreira em porcelana, castiçal em porcelana e cachepot e",60.0,0,173,162,414,-22,212,0.94,0.47,peq/med,,NaT,sem_data,https://prochicleiloes.com.br/peca.asp?Id=31033288,https://d1o6h00a1h5k7q.cloudfront.net/imagens/img_m/62121/31033288.jpg
opalina,Magnífico Lustre Pendente com Cúpula em Vidro Opalinado Séc. XX. |  Es,200.0,0,380,270,630,-129,206,0.71,0.48,medio,RJ,2026-06-16 19:00,junho,https://delonleiloes.com.br/peca.asp?Id=30939457,https://d1o6h00a1h5k7q.cloudfront.net/imagens/img_m/61492/30939457.jpg
candelabro,"Candelabro antigo em porcelana, em bom estado de conservação",20.0,0,191,162,414,-40,194,0.85,0.47,medio,,NaT,sem_data,https://leocolecoes.com.br/peca.asp?Id=31128979,https://d1o6h00a1h5k7q.cloudfront.net/imagens/img_m/62511/31128979.jpg
prata lei/contr,RR Antiguidades Antigo trio de colheres comemorativas em prata de lei.,350.0,7,478,234,720,-260,192,0.49,0.49,peq/med,RJ,2026-07-16 15:00,julho,https://rrdeco.com.br/peca.asp?Id=30176451,https://d1o6h00a1h5k7q.cloudfront.net/imagens/img_m/60187/30176451.jpg
vista alegre,Par de travessas em porcelana portuguesa Vista Alegre. Decoração de fl,150.0,15,268,252,488,-33,186,0.94,0.65,peq/med,,NaT,sem_data,https://shoppingdosantiquarios.lel.br/peca.asp?Id=30909637,https://d1o6h00a1h5k7q.cloudfront.net/imagens/img_m/61843/30909637.jpg
candelabro,Castiçal de bronze . Mede: 50 cm de alt,100.0,0,215,162,414,-64,170,0.75,0.47,peq/med,,NaT,sem_data,https://casaamarelaleiloes.net.br/peca.asp?Id=30876545,https://d1o6h00a1h5k7q.cloudfront.net/imagens/img_m/61976/30876545.jpg
prata lei/contr,Grande Placa Prata de lei Nossa Senhora de Fátima Peso total 39g. medi,380.0,7,509,234,720,-291,161,0.46,0.49,peq/med,SP,2026-06-15 16:00,junho,https://vapordaarte.com.br/peca.asp?Id=31154736,https://d1o6h00a1h5k7q.cloudfront.net/imagens/img_m/62450/31154736.jpg
opalina,RRDECO ANTIGUIDADES Antigo conjunto de 5 pratos de sobremesa confeccio,300.0,24,425,270,630,-174,161,0.64,0.48,peq/med,,NaT,sem_data,https://rrdeco.com.br/peca.asp?Id=30996471,https://d1o6h00a1h5k7q.cloudfront.net/imagens/img_m/62089/30996471.jpg
vista alegre,Vista Alegre  Modelo Jardim Roberto Simões  Conjunto com 5 pratos fund,180.0,15,299,252,488,-65,155,0.84,0.65,peq/med,,NaT,sem_data,https://leiloeslemos.com.br/peca.asp?Id=31201618,https://d1o6h00a1h5k7q.cloudfront.net/imagens/img_m/62442/31201618.jpg
prata lei/contr,"CORRENTE EM PRATA 925 COM DESIGN DE ELOS TRANÇADOS, FREQUENTEMENTE IDE",387.0,7,516,234,720,-299,153,0.45,0.49,peq/med,,NaT,sem_data,https://velhavelharialeiloes.com.br/peca.asp?Id=31165503,https://d1o6h00a1h5k7q.cloudfront.net/imagens/img_m/62560/31165503.jpg
prata lei/contr,RR Antiguidades Antiga rara agulha confeccionada em metal e cabo em pr,390.0,7,520,234,720,-302,150,0.45,0.49,peq/med,RJ,2026-07-17 18:00,julho,https://rrdeco.com.br/peca.asp?Id=30177102,https://d1o6h00a1h5k7q.cloudfront.net/imagens/img_m/60187/30177102.jpg
candelabro,BRONZE. um (1) castiçal confeccionado em bronze representando cobra na,120.0,0,236,162,414,-85,149,0.69,0.47,peq/med,,NaT,sem_data,https://jotamleiloes.com.br/peca.asp?Id=30234203,https://d1o6h00a1h5k7q.cloudfront.net/imagens/img_m/61324/30234203.jpg
candelabro,RR Antiguidades Antigo castical confeccionado em bronze ricamente trab,120.0,0,236,162,414,-85,149,0.69,0.47,peq/med,RJ,2026-07-17 18:00,julho,https://rrdeco.com.br/peca.asp?Id=30177110,https://d1o6h00a1h5k7q.cloudfront.net/imagens/img_m/60187/30177110.jpg
limoges,Antigo prato decorativo para parede em porcelana francesa pintada com ,190.0,15,310,252,486,-75,142,0.81,0.58,peq/med,RJ,2026-07-17 18:00,julho,https://rrdeco.com.br/peca.asp?Id=30176302,https://d1o6h00a1h5k7q.cloudfront.net/imagens/img_m/60187/30176302.jpg
prata lei/contr,"Açucareiro inglês em prata 925 mls, de elegante feitura em estilo Art ",400.0,7,530,234,720,-312,140,0.44,0.49,peq/med,RJ,2026-06-17 15:00,junho,https://marirodriguesleiloeira.com.br/peca.asp?Id=31120012,https://d1o6h00a1h5k7q.cloudfront.net/imagens/img_m/61251/31120012.jpg
prata lei/contr,"Caixa porta-pílulas ART DECÔ, Década de 20/30, em prata europeia, lavr",400.0,7,530,234,720,-312,140,0.44,0.49,peq/med,,NaT,sem_data,https://aureaantiguidades.com.br/peca.asp?Id=30123826,https://d1o6h00a1h5k7q.cloudfront.net/imagens/img_m/61010/30123826.jpg
prata lei/contr,Duas molduras para porta retrato de prata de lei inglesa teor 925  fab,400.0,7,530,234,720,-312,140,0.44,0.49,peq/med,,NaT,sem_data,https://casaamarelaleiloes.net.br/peca.asp?Id=31010519,https://d1o6h00a1h5k7q.cloudfront.net/imagens/img_m/61976/31010519.jpg
prata lei/contr,"Garfo de sobremesa em prata portuguesa, contraste ""P Coroa"", do século",400.0,7,530,234,720,-312,140,0.44,0.49,peq/med,,NaT,sem_data,https://shoppingdosantiquarios.lel.br/peca.asp?Id=31163538,https://d1o6h00a1h5k7q.cloudfront.net/imagens/img_m/61843/31163538.jpg
candelabro,Antigo e diferenciado castical confeccionado em porcelana em formato d,130.0,0,246,162,414,-96,139,0.66,0.47,peq/med,RJ,2026-07-11 13:00,julho,https://rrdeco.com.br/peca.asp?Id=31064062,https://d1o6h00a1h5k7q.cloudfront.net/imagens/img_m/62091/31064062.jpg
candelabro,RR Antiguidades Antigo e diferenciado castical enfeite em vidro transl,130.0,0,246,162,414,-96,139,0.66,0.47,peq/med,RJ,2026-07-16 15:00,julho,https://rrdeco.com.br/peca.asp?Id=30177039,https://d1o6h00a1h5k7q.cloudfront.net/imagens/img_m/60187/30177039.jpg
vista alegre,"CONJUNTO VISTA ALEGRE PARA CAFÉ / CHÁ, 4 PEÇAS.Conjunto em porcelana V",200.0,15,320,252,488,-86,134,0.79,0.65,peq/med,,NaT,sem_data,https://rioarteleiloes.com.br/peca.asp?Id=31124520,https://d1o6h00a1h5k7q.cloudfront.net/imagens/img_m/62093/31124520.jpg
limoges,Antigo e raro porta joias em porcelana pintada a mao. Peca estimada da,200.0,15,320,252,486,-86,132,0.79,0.58,peq/med,,NaT,sem_data,https://rrdeco.com.br/peca.asp?Id=30996032,https://d1o6h00a1h5k7q.cloudfront.net/imagens/img_m/62089/30996032.jpg
rosenthal,ROSENTHAL - Prato de bolo em porcelana alemã com tema floral e ricamen,220.0,24,341,270,504,-90,128,0.79,0.55,peq/med,RJ,2026-06-17 19:00,junho,https://anamelloleiloeira.com.br/peca.asp?Id=30103010,https://d1o6h00a1h5k7q.cloudfront.net/imagens/img_m/60770/30103010.jpg
prata lei/contr,RR AntiguidadesCordao em prata de lei trabalhada. Peca em prata pura t,420.0,7,551,234,720,-333,119,0.42,0.49,peq/med,RJ,2026-07-10 13:00,julho,https://rrdeco.com.br/peca.asp?Id=31064040,https://d1o6h00a1h5k7q.cloudfront.net/imagens/img_m/62091/31064040.jpg
candelabro,RR Antiguidades  Antigo castical enfeite em vidro murano. Peca estimad,160.0,0,278,162,414,-127,107,0.58,0.47,peq/med,,NaT,sem_data,https://rrdeco.com.br/peca.asp?Id=30996496,https://d1o6h00a1h5k7q.cloudfront.net/imagens/img_m/62089/30996496.jpg
prata lei/contr,"SAINT-LOUIS  Licoreiro em cristal overlay vermelho, padrão Trianon. Fr",440.0,7,572,234,720,-354,98,0.41,0.49,peq/med,RJ,2026-06-16 15:00,junho,https://marirodriguesleiloeira.com.br/peca.asp?Id=31120122,https://d1o6h00a1h5k7q.cloudfront.net/imagens/img_m/61251/31120122.jpg
candelabro,"Art Déco - Par de candelabros provavelmente europeus, em vidro artísti",120.0,0,296,162,414,-145,89,0.55,0.47,medio,RJ,2026-06-16 19:00,junho,https://rosanavaleleiloes.com.br/peca.asp?Id=29880152,https://d1o6h00a1h5k7q.cloudfront.net/imagens/img_m/60441/29880152.jpg
prata lei/contr,"Conjunto em prata europeia contrastada, composto por porta-paliteiro e",450.0,7,582,234,720,-365,87,0.4,0.49,peq/med,RJ,2026-06-15 15:00,junho,https://marirodriguesleiloeira.com.br/peca.asp?Id=31120365,https://d1o6h00a1h5k7q.cloudfront.net/imagens/img_m/61251/31120365.jpg
meissen,"Grande prato em porcelana alemã, marca da manufatura de Meissen, com d",350.0,58,478,342,585,-159,67,0.72,0.59,peq/med,,NaT,sem_data,https://shoppingdosantiquarios.lel.br/peca.asp?Id=31163763,https://d1o6h00a1h5k7q.cloudfront.net/imagens/img_m/61843/31163763.jpg
prata lei/contr,"DESPOJADOR - prata de lei 800, borda fenestrada decorada com guirlanda",480.0,7,614,234,720,-396,56,0.38,0.49,peq/med,,NaT,sem_data,https://raildacosta.com.br/peca.asp?Id=31113491,https://d1o6h00a1h5k7q.cloudfront.net/imagens/img_m/62402/31113491.jpg
bronze escult,"F. BARBEDIENNE. Escultura em bronze fundido com pátina marrom escura, ",1300.0,112,1535,576,1710,-999,55,0.38,0.29,medio,,NaT,sem_data,https://casaamarelaleiloes.net.br/peca.asp?Id=31154225,https://d1o6h00a1h5k7q.cloudfront.net/imagens/img_m/62495/31154225.jpg
prata lei/contr,Antigo e raro par de paliteiros confeccionados em porcelana com beliss,490.0,7,624,234,720,-407,45,0.37,0.49,peq/med,RJ,2026-07-10 13:00,julho,https://rrdeco.com.br/peca.asp?Id=31063701,https://d1o6h00a1h5k7q.cloudfront.net/imagens/img_m/62091/31063701.jpg
prata lei/contr,Antigo e raro pequeno enfeite representando Flores confeccionado em pr,500.0,7,635,234,720,-417,35,0.37,0.49,peq/med,RJ,2026-07-10 13:00,julho,https://rrdeco.com.br/peca.asp?Id=31064147,https://d1o6h00a1h5k7q.cloudfront.net/imagens/img_m/62091/31064147.jpg
prata lei/contr,Antigo e raro pequeno enfeite representando Flores confeccionado em pr,500.0,7,635,234,720,-417,35,0.37,0.49,peq/med,RJ,2026-07-10 13:00,julho,https://rrdeco.com.br/peca.asp?Id=31064065,https://d1o6h00a1h5k7q.cloudfront.net/imagens/img_m/62091/31064065.jpg
candelabro,"BRONZES, par (2) de candelabros para 3 velas confeccionados em bronze,",180.0,0,359,162,414,-208,26,0.45,0.47,medio,,NaT,sem_data,https://jotamleiloes.com.br/peca.asp?Id=30234190,https://d1o6h00a1h5k7q.cloudfront.net/imagens/img_m/61324/30234190.jpg
prata lei/contr,Bomba para chimarrão em prata de lei com bocal e detalhes em ouro baix,520.0,7,656,234,720,-438,14,0.36,0.49,peq/med,RS,2026-06-15 14:00,junho,https://santayana.com.br/peca.asp?Id=30909794,https://d1o6h00a1h5k7q.cloudfront.net/imagens/img_m/61474/30909794.jpg
prata lei/contr,RR AntiguidadesCordao em prata de lei trabalhada. Peca em prata pura t,520.0,7,656,234,720,-438,14,0.36,0.49,peq/med,,NaT,sem_data,https://rrdeco.com.br/peca.asp?Id=30995687,https://d1o6h00a1h5k7q.cloudfront.net/imagens/img_m/62089/30995687.jpg
candelabro,RR Antiguidades Antigo diferenciado castical confeccionado em bronze c,250.0,0,372,162,414,-222,13,0.43,0.47,peq/med,RJ,2026-07-17 18:00,julho,https://rrdeco.com.br/peca.asp?Id=30176884,https://d1o6h00a1h5k7q.cloudfront.net/imagens/img_m/60187/30176884.jpg
murano assin/esc,Conjunto composto de: pequeno bowl de murano ass. Kosta Boda. 11 x 6 c,400.0,24,530,270,576,-279,6,0.51,0.36,peq/med,,NaT,sem_data,https://casaamarelaleiloes.net.br/peca.asp?Id=31129510,https://d1o6h00a1h5k7q.cloudfront.net/imagens/img_m/62495/31129510.jpg
prata lei/contr,RRDECO ANTIGUIDADES Antigo e raro porta comprimidos confeccionado em p,550.0,7,688,234,720,-470,-18,0.34,0.49,peq/med,RJ,2026-07-09 18:00,julho,https://rrdeco.com.br/peca.asp?Id=31063430,https://d1o6h00a1h5k7q.cloudfront.net/imagens/img_m/62091/31063430.jpg
prata lei/contr,RR AntiguidadesCordao em prata de lei trabalhada. Peca em prata pura t,550.0,7,688,234,720,-470,-18,0.34,0.49,peq/med,RJ,2026-07-10 13:00,julho,https://rrdeco.com.br/peca.asp?Id=31064260,https://d1o6h00a1h5k7q.cloudfront.net/imagens/img_m/62091/31064260.jpg
prata lei/contr,Estojo contendo doze colheres para café em prata de lei nacional compo,550.0,7,688,234,720,-470,-18,0.34,0.49,peq/med,SP,2026-06-17 20:00,junho,https://vmescritarteleiloes.com.br/peca.asp?Id=31074617,https://d1o6h00a1h5k7q.cloudfront.net/imagens/img_m/62422/31074617.jpg
candelabro,CASTIÇAL / Escultura Lindíssimo porta velas com figura de Jovem anjo c,228.0,0,409,162,414,-259,-24,0.4,0.47,medio,RS,2026-06-18 14:00,junho,https://ciclosleiloes.com.br/peca.asp?Id=31191405,https://d1o6h00a1h5k7q.cloudfront.net/imagens/img_m/61115/31191405.jpg
prata lei/contr,Cordão em prata 925 masculino / Tam: 72cm / Peso: 35grs,630.0,7,772,234,720,-554,-102,0.3,0.49,peq/med,RJ,2026-06-15 19:00,junho,https://tamiriscarvalholeiloeira.com.br/peca.asp?Id=30252916,https://d1o6h00a1h5k7q.cloudfront.net/imagens/img_m/61656/30252916.jpg
prata lei/contr,Antigo e raro par de cinzeiros em prata de lei 925 com belissima decor,650.0,7,792,234,720,-575,-123,0.3,0.49,peq/med,RJ,2026-07-11 13:00,julho,https://rrdeco.com.br/peca.asp?Id=31063732,https://d1o6h00a1h5k7q.cloudfront.net/imagens/img_m/62091/31063732.jpg
bronze escult,"Torso de bronze polido e rústico, sobre base de madeira patinado de pr",1500.0,112,1745,576,1710,-1209,-155,0.33,0.29,medio,,NaT,sem_data,https://casaamarelaleiloes.net.br/peca.asp?Id=31202441,https://d1o6h00a1h5k7q.cloudfront.net/imagens/img_m/62495/31202441.jpg
prata lei/contr,"Par de porta-ovo poché, com présentoir, lavrado em prata de lei norte-",750.0,7,898,234,720,-680,-228,0.26,0.49,peq/med,SP,2026-06-17 20:00,junho,https://vmescritarteleiloes.com.br/peca.asp?Id=31088240,https://d1o6h00a1h5k7q.cloudfront.net/imagens/img_m/62422/31088240.jpg
prata lei/contr,"Cigarreira de bolso em prata de lei 925 sterling, de elegante desenho ",800.0,7,950,234,720,-732,-280,0.25,0.49,peq/med,RJ,2026-06-16 15:00,junho,https://marirodriguesleiloeira.com.br/peca.asp?Id=31120009,https://d1o6h00a1h5k7q.cloudfront.net/imagens/img_m/61251/31120009.jpg
limoges,Antigo conjunto de jarra e bacia em porcelana francesa de Limoges deco,600.0,15,740,252,486,-506,-288,0.34,0.58,peq/med,RS,2026-06-18 14:00,junho,https://danielchaiebleiloeiro.com.br/peca.asp?Id=31098863,https://d1o6h00a1h5k7q.cloudfront.net/imagens/img_m/62501/31098863.jpg
limoges,Antigo e raro porta joias confeccionado em porcelana Francesa decorado,650.0,15,792,252,486,-558,-341,0.32,0.58,peq/med,RJ,2026-07-10 13:00,julho,https://rrdeco.com.br/peca.asp?Id=31063482,https://d1o6h00a1h5k7q.cloudfront.net/imagens/img_m/62091/31063482.jpg
opalina,Jacqueline Terpins. Elegante vaso de formato cilíndrico e silhueta lev,800.0,24,950,270,630,-699,-364,0.28,0.48,peq/med,,NaT,sem_data,https://casaamarelaleiloes.net.br/peca.asp?Id=31129490,https://d1o6h00a1h5k7q.cloudfront.net/imagens/img_m/62495/31129490.jpg
prata lei/contr,"Rara tamboladeira, provador de vinho, em prata francesa do século XVII",900.0,7,1055,234,720,-837,-385,0.22,0.49,peq/med,,NaT,sem_data,https://shoppingdosantiquarios.lel.br/peca.asp?Id=31163546,https://d1o6h00a1h5k7q.cloudfront.net/imagens/img_m/61843/31163546.jpg
prata lei/contr,"Cinzeiro de prata portuguesa do Porto, contraste Águia, II Título, 833",900.0,7,1055,234,720,-837,-385,0.22,0.49,peq/med,RJ,2026-06-16 15:00,junho,https://marirodriguesleiloeira.com.br/peca.asp?Id=31120072,https://d1o6h00a1h5k7q.cloudfront.net/imagens/img_m/61251/31120072.jpg
candelabro,CANDELABROS (par) - espessurados a prata pé circular pequeno guilhocha,580.0,0,779,162,414,-628,-394,0.21,0.47,medio,,NaT,sem_data,https://raildacosta.com.br/peca.asp?Id=31113392,https://d1o6h00a1h5k7q.cloudfront.net/imagens/img_m/62402/31113392.jpg
meissen,"MEISSEN. LINDO PRATO FUNDO EM PORCELANA MEISSEN. CORES BRANCO, VERDE E",800.0,58,950,342,585,-632,-406,0.36,0.59,peq/med,,NaT,sem_data,https://wattenleiloes.com.br/peca.asp?Id=31024872,https://d1o6h00a1h5k7q.cloudfront.net/imagens/img_m/62002/31024872.jpg
prata lei/contr,Cordão em prata 925 masculino / Tam: 58cm / Peso:35grs,950.0,7,1108,234,720,-890,-438,0.21,0.49,peq/med,RJ,2026-06-15 19:00,junho,https://tamiriscarvalholeiloeira.com.br/peca.asp?Id=30253426,https://d1o6h00a1h5k7q.cloudfront.net/imagens/img_m/61656/30253426.jpg
prata lei/contr,"BOLSA FEMININA  Bolsa de mão em prata de lei, com estrutura superior r",980.0,7,1139,234,720,-921,-469,0.21,0.49,peq/med,RJ,2026-06-17 15:00,junho,https://marirodriguesleiloeira.com.br/peca.asp?Id=31130465,https://d1o6h00a1h5k7q.cloudfront.net/imagens/img_m/61251/31130465.jpg
prata lei/contr,RR Antiguidades Antiga Salva em prata de lei Portuguesa com belissima ,980.0,7,1139,234,720,-921,-469,0.21,0.49,peq/med,RJ,2026-07-16 15:00,julho,https://rrdeco.com.br/peca.asp?Id=30176782,https://d1o6h00a1h5k7q.cloudfront.net/imagens/img_m/60187/30176782.jpg
prata lei/contr,"Copo de prata de lei 833, regional, corpo em gomilados torcidos e barr",1000.0,7,1160,234,720,-942,-490,0.2,0.49,peq/med,,NaT,sem_data,https://casaamarelaleiloes.net.br/peca.asp?Id=31203024,https://d1o6h00a1h5k7q.cloudfront.net/imagens/img_m/62495/31203024.jpg
prata lei/contr,PRATA - Vaso elaborado em prata 800 (contraste no fundo) apresentando ,1000.0,7,1160,234,720,-942,-490,0.2,0.49,peq/med,RJ,2026-06-16 19:00,junho,https://bruceangeirasleiloeiro.com.br/peca.asp?Id=31203646,https://d1o6h00a1h5k7q.cloudfront.net/imagens/img_m/62664/31203646.jpg
candelabro,IMPONENTE CASTIÇAL EM CRISTAL SÉCULO PASSADO COM TRABALHO EM METAL EM ,750.0,0,898,162,414,-747,-512,0.18,0.47,peq/med,,NaT,sem_data,https://leiloesrbraga.com.br/peca.asp?Id=30959219,https://d1o6h00a1h5k7q.cloudfront.net/imagens/img_m/61597/30959219.jpg
prata lei/contr,Caixa Prata de Lei Oval com tampa incrustada. Pedra de Ágata  138g. Pe,1100.0,7,1265,234,720,-1047,-595,0.18,0.49,peq/med,SP,2026-06-15 16:00,junho,https://vapordaarte.com.br/peca.asp?Id=31154802,https://d1o6h00a1h5k7q.cloudfront.net/imagens/img_m/62450/31154802.jpg
prata lei/contr,Conjunto composto por 2 copos e 2 porta-guardanapos em prata de lei. A,1140.0,7,1307,234,720,-1089,-637,0.18,0.49,peq/med,RJ,2026-06-15 15:00,junho,https://marirodriguesleiloeira.com.br/peca.asp?Id=31120042,https://d1o6h00a1h5k7q.cloudfront.net/imagens/img_m/61251/31120042.jpg
baccarat,"BACCARAT  Conjunto com 8 taças para vinho em cristal overlay rubi, com",1800.0,236,2000,716,1440,-1334,-661,0.36,0.52,peq/med,RJ,2026-06-16 15:00,junho,https://marirodriguesleiloeira.com.br/peca.asp?Id=31120254,https://d1o6h00a1h5k7q.cloudfront.net/imagens/img_m/61251/31120254.jpg
baccarat,"BACCARAT  Conjunto com 8 taças para vinho em cristal overlay rubi, com",1800.0,236,2000,716,1440,-1334,-661,0.36,0.52,peq/med,RJ,2026-06-16 15:00,junho,https://marirodriguesleiloeira.com.br/peca.asp?Id=31120253,https://d1o6h00a1h5k7q.cloudfront.net/imagens/img_m/61251/31120253.jpg
limoges,"Aparelho para jantar de porcelana esmaltada francesa, manufatura de Li",1000.0,15,1160,252,486,-926,-708,0.22,0.58,peq/med,SP,2026-06-18 20:00,junho,https://vmescritarteleiloes.com.br/peca.asp?Id=31091307,https://d1o6h00a1h5k7q.cloudfront.net/imagens/img_m/62422/31091307.jpg
prata lei/contr,"Elegante pegador de aspargos em prata de lei alemã, teor 800 mls, apre",1250.0,7,1422,234,720,-1205,-753,0.16,0.49,peq/med,RJ,2026-06-15 15:00,junho,https://marirodriguesleiloeira.com.br/peca.asp?Id=31120367,https://d1o6h00a1h5k7q.cloudfront.net/imagens/img_m/61251/31120367.jpg
prata lei/contr,"COMENDA DA ORDEM DO LIBERTADOR  Venezuela, conjunto honorífico compost",1200.0,0,1430,234,720,-1212,-760,0.16,0.49,medio,RJ,2026-06-16 15:00,junho,https://marirodriguesleiloeira.com.br/peca.asp?Id=31130534,https://d1o6h00a1h5k7q.cloudfront.net/imagens/img_m/61251/31130534.jpg
prata lei/contr,Par de saleiros europeu prata de lei - 163gr - 8 x 5 x 6,1300.0,7,1475,234,720,-1257,-805,0.16,0.49,peq/med,SP,2026-06-15 16:00,junho,https://vapordaarte.com.br/peca.asp?Id=31161897,https://d1o6h00a1h5k7q.cloudfront.net/imagens/img_m/62450/31161897.jpg
meissen,"PRATO PORCELANA MEISSEN. RICA DECORAÇÃO EM RELEVO, REPRESENTANDO PARRE",1200.0,58,1370,342,585,-1052,-826,0.25,0.59,peq/med,,NaT,sem_data,https://wattenleiloes.com.br/peca.asp?Id=31024818,https://d1o6h00a1h5k7q.cloudfront.net/imagens/img_m/62002/31024818.jpg
capodimonte,"Jarra decorativa de porcelana Capodimonte, polícroma e dourada. Corpo ",1850.0,144,2052,522,1184,-1567,-951,0.25,0.56,peq/med,,NaT,sem_data,https://casaamarelaleiloes.net.br/peca.asp?Id=31204187,https://d1o6h00a1h5k7q.cloudfront.net/imagens/img_m/62495/31204187.jpg
prata lei/contr,Par de mostardeiras em prata inglesa vitoriana. Contraste da cidade de,1500.0,7,1685,234,720,-1467,-1015,0.14,0.49,peq/med,,NaT,sem_data,https://shoppingdosantiquarios.lel.br/peca.asp?Id=31163392,https://d1o6h00a1h5k7q.cloudfront.net/imagens/img_m/61843/31163392.jpg
prata lei/contr,"Conjunto de garfo trinchante e faca para assado em prata portuguesa, c",1500.0,7,1685,234,720,-1467,-1015,0.14,0.49,peq/med,,NaT,sem_data,https://shoppingdosantiquarios.lel.br/peca.asp?Id=31163532,https://d1o6h00a1h5k7q.cloudfront.net/imagens/img_m/61843/31163532.jpg
prata lei/contr,"Espátula para peixe em prata portuguesa, contraste P Coroa, da Cidade ",1500.0,7,1685,234,720,-1467,-1015,0.14,0.49,peq/med,,NaT,sem_data,https://shoppingdosantiquarios.lel.br/peca.asp?Id=31163247,https://d1o6h00a1h5k7q.cloudfront.net/imagens/img_m/61843/31163247.jpg
baccarat,Cristallerie BACCARAT -  Raro conjunto de licoreira e seis copos de pé,2200.0,236,2420,716,1440,-1754,-1081,0.3,0.52,peq/med,RJ,2026-06-18 19:00,junho,https://antiguitati.com.br/peca.asp?Id=31003545,https://d1o6h00a1h5k7q.cloudfront.net/imagens/img_m/62159/31003545.jpg
prata lei/contr,"Açucareiro com a respectiva concha em prata inglesa contrastada, teor ",1600.0,7,1790,234,720,-1572,-1120,0.13,0.49,peq/med,RJ,2026-06-15 15:00,junho,https://marirodriguesleiloeira.com.br/peca.asp?Id=31120366,https://d1o6h00a1h5k7q.cloudfront.net/imagens/img_m/61251/31120366.jpg
prata lei/contr,RR AntiguidadesCordao em prata de lei trabalhada. Peca em prata pura t,1600.0,7,1790,234,720,-1572,-1120,0.13,0.49,peq/med,RJ,2026-07-09 18:00,julho,https://rrdeco.com.br/peca.asp?Id=31064004,https://d1o6h00a1h5k7q.cloudfront.net/imagens/img_m/62091/31064004.jpg
baccarat,BACCARAT  Conjunto com 4 belíssimas e raras taças em cristal double ru,2401.0,236,2631,716,1440,-1965,-1292,0.27,0.52,peq/med,RJ,2026-06-16 15:00,junho,https://marirodriguesleiloeira.com.br/peca.asp?Id=31120135,https://d1o6h00a1h5k7q.cloudfront.net/imagens/img_m/61251/31120135.jpg
prata lei/contr,"Caixa retangular confeccionada em prata de lei 900 mls, com tampa leve",2200.0,7,2420,234,720,-2202,-1750,0.1,0.49,peq/med,RJ,2026-06-17 15:00,junho,https://marirodriguesleiloeira.com.br/peca.asp?Id=31125950,https://d1o6h00a1h5k7q.cloudfront.net/imagens/img_m/61251/31125950.jpg
prata lei/contr,Conjunto de garfo e espa´tula para peixe em prata inglesa vitoriana. C,2500.0,7,2735,234,720,-2517,-2065,0.09,0.49,peq/med,,NaT,sem_data,https://shoppingdosantiquarios.lel.br/peca.asp?Id=31163437,https://d1o6h00a1h5k7q.cloudfront.net/imagens/img_m/61843/31163437.jpg
prata lei/contr,Paliteiro em prata sem contraste base quadrangular sustentando travess,2500.0,7,2735,234,720,-2517,-2065,0.09,0.49,peq/med,RJ,2026-06-16 19:00,junho,https://rosanavaleleiloes.com.br/peca.asp?Id=30188788,https://d1o6h00a1h5k7q.cloudfront.net/imagens/img_m/60441/30188788.jpg
opalina,"LINDÍSSIMO LUSTRE ESTILO OVERLAY EM OPALINA BRANCA, RICAMENTE DECORADO",2500.0,0,2795,270,630,-2544,-2209,0.1,0.48,medio,,NaT,sem_data,https://wattenleiloes.com.br/peca.asp?Id=31024859,https://d1o6h00a1h5k7q.cloudfront.net/imagens/img_m/62002/31024859.jpg
prata lei/contr,"Urna, com tampa, de prata de lei brasileira, contraste ""MFS Coroa"", te",2600.0,0,2900,234,720,-2682,-2230,0.08,0.49,medio,SP,2026-06-17 20:00,junho,https://vmescritarteleiloes.com.br/peca.asp?Id=31077586,https://d1o6h00a1h5k7q.cloudfront.net/imagens/img_m/62422/31077586.jpg
sevres,"Sévres - Rara e excepcional caixa em porcelana de Sévres, marca no fun",4500.0,324,4835,900,2700,-3998,-2324,0.19,0.39,peq/med,RJ,2026-06-18 19:00,junho,https://antiguitati.com.br/peca.asp?Id=31030237,https://d1o6h00a1h5k7q.cloudfront.net/imagens/img_m/62159/31030237.jpg
baccarat,"Rara e excepcional fruteira em opalina de Baccarat, finamente decorada",3500.0,236,3785,716,1440,-3119,-2446,0.19,0.52,peq/med,RJ,2026-06-18 19:00,junho,https://antiguitati.com.br/peca.asp?Id=31026520,https://d1o6h00a1h5k7q.cloudfront.net/imagens/img_m/62159/31026520.jpg
prata lei/contr,"Berlin - Raríssima Snuff Box em porcelana da manufatura Berlin, montag",3000.0,7,3260,234,720,-3042,-2590,0.07,0.49,peq/med,RJ,2026-06-18 19:00,junho,https://antiguitati.com.br/peca.asp?Id=31030238,https://d1o6h00a1h5k7q.cloudfront.net/imagens/img_m/62159/31030238.jpg
bronze escult,JOE DESCOMPS (1869 - 1950) - Escultura em bronze Art Deco representand,4500.0,112,4895,576,1710,-4359,-3305,0.12,0.29,medio,,NaT,sem_data,https://shoppingdosantiquarios.lel.br/peca.asp?Id=31163771,https://d1o6h00a1h5k7q.cloudfront.net/imagens/img_m/61843/31163771.jpg
bronze escult,Bela escultura de bronze dourado na figura de Samurai em suas vestes c,5000.0,112,5420,576,1710,-4884,-3830,0.11,0.29,medio,,NaT,sem_data,https://casaamarelaleiloes.net.br/peca.asp?Id=31196597,https://d1o6h00a1h5k7q.cloudfront.net/imagens/img_m/62495/31196597.jpg
prata lei/contr,Par de Candelabro de prata de lei Sterling 925 - 900gr - 16 x 20 diâme,8500.0,0,9095,234,720,-8877,-8425,0.03,0.49,medio,SP,2026-06-15 16:00,junho,https://vapordaarte.com.br/peca.asp?Id=31161793,https://d1o6h00a1h5k7q.cloudfront.net/imagens/img_m/62450/31161793.jpg
baccarat,"Lustre francês para seis luzes, executado em elegante estrutura metáli",12000.0,179,12770,716,1440,-12104,-11431,0.06,0.52,medio,RJ,2026-06-17 15:00,junho,https://marirodriguesleiloeira.com.br/peca.asp?Id=31120522,https://d1o6h00a1h5k7q.cloudfront.net/imagens/img_m/61251/31120522.jpg
prata lei/contr,"Bandeja em prata de lei 833, pesando 1,9 kg., com gravação na superfíc",13300.0,7,14075,234,720,-13857,-13405,0.02,0.49,peq/med,RS,2026-06-15 14:00,junho,https://santayana.com.br/peca.asp?Id=30909877,https://d1o6h00a1h5k7q.cloudfront.net/imagens/img_m/61474/30909877.jpg
prata lei/contr,"Floreira em prata de lei alemã século XIX, fino acabamento em prata ci",13500.0,7,14285,234,720,-14067,-13615,0.02,0.49,peq/med,SP,2026-06-15 16:00,junho,https://vapordaarte.com.br/peca.asp?Id=31154766,https://d1o6h00a1h5k7q.cloudfront.net/imagens/img_m/62450/31154766.jpg
bronze escult,"Gennaro CHIURAZZI. (1842-1906). Chiurazzi Napoli, Furietti Centauros. ",18000.0,112,19070,576,1710,-18534,-17480,0.03,0.29,medio,,NaT,sem_data,https://casaamarelaleiloes.net.br/peca.asp?Id=31154532,https://d1o6h00a1h5k7q.cloudfront.net/imagens/img_m/62495/31154532.jpg
bronze escult,Gennaro CHIURAZZI. (1842-1906). Pandant de esculturas de bronze patina,18000.0,112,19070,576,1710,-18534,-17480,0.03,0.29,medio,,NaT,sem_data,https://casaamarelaleiloes.net.br/peca.asp?Id=31201756,https://d1o6h00a1h5k7q.cloudfront.net/imagens/img_m/62495/31201756.jpg
prata lei/contr,Sopeira em Prata de Lei e Presentoir em Prata de Lei Contraste Águia 8,18000.0,7,19010,234,720,-18792,-18340,0.01,0.49,peq/med,SP,2026-06-15 16:00,junho,https://vapordaarte.com.br/peca.asp?Id=31198612,https://d1o6h00a1h5k7q.cloudfront.net/imagens/img_m/62450/31198612.jpg
prata lei/contr,Par de belíssimos e elegantes candelabros em prata brasileira fundida ,22450.0,0,23742,234,720,-23525,-23073,0.01,0.49,medio,RJ,2026-06-15 15:00,junho,https://marirodriguesleiloeira.com.br/peca.asp?Id=31120360,https://d1o6h00a1h5k7q.cloudfront.net/imagens/img_m/61251/31120360.jpg
prata lei/contr,"Par de candelabros para 4 velas, reversíveis para castiçais. Prata por",32000.0,0,33770,234,720,-33552,-33100,0.01,0.49,medio,,NaT,sem_data,https://shoppingdosantiquarios.lel.br/peca.asp?Id=31163952,https://d1o6h00a1h5k7q.cloudfront.net/imagens/img_m/61843/31163952.jpg
prata lei/contr,Excepcional ostensório em prata brasileira. Contraste 10 dinheiros do ,75000.0,7,78860,234,720,-78642,-78190,0.0,0.49,peq/med,,NaT,sem_data,https://shoppingdosantiquarios.lel.br/peca.asp?Id=31164083,https://d1o6h00a1h5k7q.cloudfront.net/imagens/img_m/61843/31164083.jpg
